10784D6F-9488-617D-3620-E0A5DE4C8CE3,{'subject': '//cache None'},10262116
29EE2F46-E748-B53C-58D6-1B966F2A082F,{'subject': '//cache None'},10269251
558F2106-74BE-D611-1E6A-B4968DE32605,{'subject': '//cache None'},10249632
6B4C65D7-D8A6-FCBC-A459-8EB1D385F258,{'subject': '//cache None'},10260027
A4518F74-2041-8629-4231-0BB6599CB8C1,{'subject': '//cache None'},10250637
E0466B29-83E5-1AAE-71BD-CFE146134699,{'subject': '//cache None'},10250505
412DA113-FC0D-C646-9A67-DC60DF8382A5,{'subject': '//cache None'},10247592
2C2F308F-A1EA-3A1E-8310-9B86DD6B4C3D,{'subject': '//cache None'},10253687
1E52051B-1716-8E57-1150-418EB54D4C59,{'subject': '//cache None'},10269265
3862B824-0663-540C-AF39-A81D313B775E,{'subject': '//cache None'},10262016
3F219B10-7061-52B2-268B-57DD0B8CB798,{'subject': '//cache None'},10269263
38C513B3-76E1-816C-2D51-3463E50DE350,{'subject': '//cache None'},10261191
90318834-0C3E-758C-F860-A2170265738E,{'subject': '//cache None'},10269416
7699569E-4EBC-9713-F6ED-FD17437A3DC8,{'subject': '//cache None'},10269253
C1836573-D076-FA7F-4C3A-D9FADE0080A8,{'subject': '//cache None'},10269252
3C5DD340-63F7-6317-87C4-13854ED8C5DD,{'subject': '//cache None'},10269264
03822A86-24A6-63E8-EE72-9098FF92ECE8,{'subject': '//cache None'},10269256
0E6F9F44-0661-7C94-E2C8-DD96E19DAAE1,{'subject': '//cache None'},10240771
BDB0BB66-73A3-7D70-F357-68AE10760461,{'subject': '//cache None'},10249685
966BC896-5EAE-A0CB-ACE4-625BAA5BDF19,{'subject': '//cache None'},10249563
A5ED5544-1D01-44B3-BF96-F23AF996C048,{'subject': '//cache None'},10260175
F85DD396-C3A1-8055-4872-930F80AB41FA,{'subject': '//cache None'},10269415
EC21D95B-C4E8-BE31-3340-F416DDC92FB9,{'subject': '//cache None'},10269255
D32E94B3-DFE5-1146-0D17-84858EECD144,{'subject': '//cache None'},10247794
06DAC83B-9EB0-AF7C-605B-B8ED0CF3BAFC,{'subject': '//cache None'},10261645
20FBC3E0-F92A-CD31-E0CF-43C3F6218A0E,{'subject': '//cache None'},10269260
44501711-A061-6D5C-5692-42A504D224A2,{'subject': '//cache None'},10269257
F37CD801-A274-3CD3-CD68-057D7401AFB9,{'subject': '//cache None'},10269261
EB94C339-00F8-52DA-A5E2-4853542F696D,{'subject': '//cache None'},10247188
BA287200-E2C4-7810-20AD-C62C31D47C86,{'subject': '//cache None'},10261140
BE515765-C97D-963B-8A26-21DD47F201D1,{'subject': '//cache None'},10269258
8DA74F54-FCCE-7918-2521-9E1C035BFA6C,{'subject': '//cache None'},10261593
71AEEF22-B2DA-C65F-45EB-0061D979CFFC,{'subject': '//cache None'},10237596
DB370E70-0C24-B72A-59BC-175819479688,{'subject': '//cache None'},10249120
44B65DD0-A8E2-AD59-1029-9393BCF1BCA6,{'subject': '//cache None'},10269259
08496441-24B3-5762-FFAA-98D48947DA90,{'subject': '//cache None'},10269254
FACCF5D9-C8C6-2062-F83E-6552B2EC62AB,{'subject': '//cache None'},10269262
