BE40D243-3EC1-11E8-A5CB-3FA3753A265A,{'subject': 'None imapd'},362716
A012163B-3EB0-11E8-A5CB-3FA3753A265A,{'subject': 'None pickup'},361066
F16337AE-3E93-11E8-A5CB-3FA3753A265A,{'subject': 'None imapd'},357708
C9763947-3E9B-11E8-A5CB-3FA3753A265A,{'subject': 'None imapd'},358737
EC5099AD-3EA4-11E8-A5CB-3FA3753A265A,{'subject': 'None imapd'},359845
84A67D60-3EA6-11E8-A5CB-3FA3753A265A,{'subject': 'None imapd'},360055
35CC1678-3EB4-11E8-A5CB-3FA3753A265A,{'subject': 'None anvil'},361416
9335CCCA-3E9E-11E8-A5CB-3FA3753A265A,{'subject': 'None smtpd'},359083
9DC922CA-3E9B-11E8-A5CB-3FA3753A265A,{'subject': 'None imapd'},358694
D5C0C845-3EA0-11E8-A5CB-3FA3753A265A,{'subject': 'None local'},359370
6F567E10-3EBC-11E8-A5CB-3FA3753A265A,{'subject': 'None sshd'},362195
8CE071DD-3EB3-11E8-A5CB-3FA3753A265A,{'subject': 'None imapd'},361341
C105453E-3EA4-11E8-A5CB-3FA3753A265A,{'subject': 'None anvil'},359797
B5231701-3E9C-11E8-A5CB-3FA3753A265A,{'subject': 'None local'},358861
AAB27EFF-3E80-11E8-A5CB-3FA3753A265A,{'subject': 'None uname'},355687
C3DB0F1D-3EA9-11E8-A5CB-3FA3753A265A,{'subject': 'None local'},360373
4CD70014-3EA5-11E8-A5CB-3FA3753A265A,{'subject': 'None smtpd'},359899
F6C02963-3E9F-11E8-A5CB-3FA3753A265A,{'subject': 'None anvil'},359252
1196ABC1-3DC3-11E8-A5CA-3FA3753A265A,{'subject': 'None master'},336492
B4F5A023-3E9C-11E8-A5CB-3FA3753A265A,{'subject': 'None local'},358858
AF605C03-3E9B-11E8-A5CB-3FA3753A265A,{'subject': 'None smtpd'},358698
DCBB8D5C-3E7F-11E8-A5CB-3FA3753A265A,{'subject': 'None test'},355535
6F64C417-3EAB-11E8-A5CB-3FA3753A265A,{'subject': 'None imapd'},360543
41A2030A-3E93-11E8-A5CB-3FA3753A265A,{'subject': 'None trivial-rewrite'},357596
7E6E2E8E-3E94-11E8-A5CB-3FA3753A265A,{'subject': 'None trivial-rewrite'},357807
93600BEC-3ECC-11E8-A5CB-3FA3753A265A,{'subject': 'None pickup'},363951
2A41E279-3E7C-11E8-A5CB-3FA3753A265A,{'subject': 'None proxymap'},355034
B7BF5E4A-3EA0-11E8-A5CB-3FA3753A265A,{'subject': 'None imapd'},359345
10A3A6B4-3E98-11E8-A5CB-3FA3753A265A,{'subject': 'None sshd'},358255
4D473C27-3EA5-11E8-A5CB-3FA3753A265A,{'subject': 'None cleanup'},359902
94048EA7-3E9E-11E8-A5CB-3FA3753A265A,{'subject': 'None local'},359092
FDB22029-3E93-11E8-A5CB-3FA3753A265A,{'subject': 'None cleanup'},357712
AFDD92C0-3E9B-11E8-A5CB-3FA3753A265A,{'subject': 'None cleanup'},358702
999FF193-3EBE-11E8-A5CB-3FA3753A265A,{'subject': 'None pickup'},362434
75BFEC02-3E9E-11E8-A5CB-3FA3753A265A,{'subject': 'None imapd'},359064
FC2546F2-3E9B-11E8-A5CB-3FA3753A265A,{'subject': 'None imapd'},358766
4E7CFA4B-3EA0-11E8-A5CB-3FA3753A265A,{'subject': 'None imapd'},359291
7D7BB0D8-3EC1-11E8-A5CB-3FA3753A265A,{'subject': 'None imapd'},362692
B2FAB9B6-3EC6-11E8-A5CB-3FA3753A265A,{'subject': 'None imapd'},363178
CF3E0FBF-3EA4-11E8-A5CB-3FA3753A265A,{'subject': 'None imapd'},359822
67DC306B-3E8F-11E8-A5CB-3FA3753A265A,{'subject': 'None local'},357170
B6B7EE32-3EB7-11E8-A5CB-3FA3753A265A,{'subject': 'None sshd'},361743
FD829630-3E93-11E8-A5CB-3FA3753A265A,{'subject': 'None smtpd'},357709
4D73B446-3EA5-11E8-A5CB-3FA3753A265A,{'subject': 'None local'},359904
C95ECEDC-3E9B-11E8-A5CB-3FA3753A265A,{'subject': 'None imapd'},358736
935C1B13-3E9E-11E8-A5CB-3FA3753A265A,{'subject': 'None anvil'},359085
E12D6094-3E7C-11E8-A5CB-3FA3753A265A,{'subject': 'None local'},355135
E0373A30-3EA3-11E8-A5CB-3FA3753A265A,{'subject': 'None imapd'},359679
9567B6C2-3EAE-11E8-A5CB-3FA3753A265A,{'subject': 'None sshd'},360871
96EFB8CD-3E81-11E8-A5CB-3FA3753A265A,{'subject': 'None imapd'},355797
BB2C7B78-3EA0-11E8-A5CB-3FA3753A265A,{'subject': 'None imapd'},359352
0DCF83A9-3EAD-11E8-A5CB-3FA3753A265A,{'subject': 'None sshd'},360705
0F5B4ECC-3E9F-11E8-A5CB-3FA3753A265A,{'subject': 'None local'},359153
C41D74C4-3EAA-11E8-A5CB-3FA3753A265A,{'subject': 'None sshd'},360468
5FC9C956-3EB6-11E8-A5CB-3FA3753A265A,{'subject': 'None sshd'},361627
4BAF41E4-3EC1-11E8-A5CB-3FA3753A265A,{'subject': 'None imapd'},362665
C1BA5CA4-3EA4-11E8-A5CB-3FA3753A265A,{'subject': 'None local'},359804
EF5A8398-3E9D-11E8-A5CB-3FA3753A265A,{'subject': 'None imapd'},359007
DC89FB59-3E9B-11E8-A5CB-3FA3753A265A,{'subject': 'None imapd'},358744
A9FFAC0B-3E81-11E8-A5CB-3FA3753A265A,{'subject': 'None smtpd'},355807
9DDEE1B1-3E9B-11E8-A5CB-3FA3753A265A,{'subject': 'None imapd'},358695
0D0561C7-3E80-11E8-A5CB-3FA3753A265A,{'subject': 'None imapd'},355578
93F729B1-3E9E-11E8-A5CB-3FA3753A265A,{'subject': 'None local'},359091
E0D10C73-3E7C-11E8-A5CB-3FA3753A265A,{'subject': 'None anvil'},355132
C1A50A9E-3EA4-11E8-A5CB-3FA3753A265A,{'subject': 'None local'},359803
E8E6F109-3E7B-11E8-A5CB-3FA3753A265A,{'subject': 'None anvil'},354988
88E2354D-3EA4-11E8-A5CB-3FA3753A265A,{'subject': 'None imapd'},359759
6BF760EF-3EA0-11E8-A5CB-3FA3753A265A,{'subject': 'None local'},359318
02101323-3EB1-11E8-A5CB-3FA3753A265A,{'subject': 'None imapd'},361101
BB90AB7E-3EA8-11E8-A5CB-3FA3753A265A,{'subject': 'None sshd'},360270
B659374C-3E80-11E8-A5CB-3FA3753A265A,{'subject': 'None smtpd'},355698
FEE8F07F-3EA7-11E8-A5CB-3FA3753A265A,{'subject': 'None imapd'},360190
8DE8AF8B-3E9B-11E8-A5CB-3FA3753A265A,{'subject': 'None sshd'},358668
D393CE18-3E98-11E8-A5CB-3FA3753A265A,{'subject': 'None imapd'},358346
BB420D32-3EA0-11E8-A5CB-3FA3753A265A,{'subject': 'None imapd'},359353
55D5EEAC-3ED3-11E8-A5CB-3FA3753A265A,{'subject': 'None imapd'},364535
B010C5FA-3E9B-11E8-A5CB-3FA3753A265A,{'subject': 'None local'},358704
EAE21142-3E87-11E8-A5CB-3FA3753A265A,{'subject': 'None imapd'},356373
7E23B003-3E94-11E8-A5CB-3FA3753A265A,{'subject': 'None anvil'},357806
4A9C99F1-3E95-11E8-A5CB-3FA3753A265A,{'subject': 'None sshd'},357892
642E4B8B-3E8C-11E8-A5CB-3FA3753A265A,{'subject': 'None imapd'},356836
9FD51C6F-3E93-11E8-A5CB-3FA3753A265A,{'subject': 'None imapd'},357645
EE7DA1E0-3EA3-11E8-A5CB-3FA3753A265A,{'subject': 'None local'},359695
1D2FB1AA-3EB8-11E8-A5CB-3FA3753A265A,{'subject': 'None imapd'},361788
41086968-3EA9-11E8-A5CB-3FA3753A265A,{'subject': 'None imapd'},360312
EAB84140-3EA9-11E8-A5CB-3FA3753A265A,{'subject': 'None smtpd'},360401
C3BFE508-3EA9-11E8-A5CB-3FA3753A265A,{'subject': 'None local'},360371
E7DAD3EE-3E8F-11E8-A5CB-3FA3753A265A,{'subject': 'None sshd'},357210
352FC589-3EA2-11E8-A5CB-3FA3753A265A,{'subject': 'None local'},359509
A8A121F7-3EB3-11E8-A5CB-3FA3753A265A,{'subject': 'None imapd'},361351
30AAEFC4-3E7E-11E8-A5CB-3FA3753A265A,{'subject': 'None anvil'},355337
1306E10D-3E8B-11E8-A5CB-3FA3753A265A,{'subject': 'None imapd'},356671
C0DC6458-3EA4-11E8-A5CB-3FA3753A265A,{'subject': 'None smtpd'},359795
B6C62C47-3E80-11E8-A5CB-3FA3753A265A,{'subject': 'None trivial-rewrite'},355701
362EAB9B-3E80-11E8-A5CB-3FA3753A265A,{'subject': 'None sshd'},355644
047A50D4-3E97-11E8-A5CB-3FA3753A265A,{'subject': 'None proxymap'},358066
825FA9F6-3E9A-11E8-A5CB-3FA3753A265A,{'subject': 'None imapd'},358559
F3A5B3BF-3E9E-11E8-A5CB-3FA3753A265A,{'subject': 'None imapd'},359125
0FAEA121-3E8B-11E8-A5CB-3FA3753A265A,{'subject': 'None local'},356666
1AD10217-3DC3-11E8-A5CB-3FA3753A265A,{'subject': 'None inetd'},336569
34E5AB7D-3EA2-11E8-A5CB-3FA3753A265A,{'subject': 'None anvil'},359505
606E6D0F-3E8C-11E8-A5CB-3FA3753A265A,{'subject': 'None imapd'},356823
3129F3FB-3E7E-11E8-A5CB-3FA3753A265A,{'subject': 'None local'},355342
95DAD931-3E87-11E8-A5CB-3FA3753A265A,{'subject': 'None sshd'},356330
810D5AEF-3E9E-11E8-A5CB-3FA3753A265A,{'subject': 'None imapd'},359071
93A6A8E9-3E9E-11E8-A5CB-3FA3753A265A,{'subject': 'None cleanup'},359087
80BC1E35-3E94-11E8-A5CB-3FA3753A265A,{'subject': 'None smtpd'},357808
17C4C0C3-3E7D-11E8-A5CB-3FA3753A265A,{'subject': 'None minions'},355176
B49CF381-3E86-11E8-A5CB-3FA3753A265A,{'subject': 'None pickup'},356255
C00F2138-3EA9-11E8-A5CB-3FA3753A265A,{'subject': 'None imapd'},360369
45DAAE32-3E91-11E8-A5CB-3FA3753A265A,{'subject': 'None imapd'},357344
B78EE297-3E80-11E8-A5CB-3FA3753A265A,{'subject': 'None local'},355705
72D280AD-3E8C-11E8-A5CB-3FA3753A265A,{'subject': 'None local'},356852
0F6550EA-3E8B-11E8-A5CB-3FA3753A265A,{'subject': 'None cleanup'},356663
EEC7609E-3EA9-11E8-A5CB-3FA3753A265A,{'subject': 'None local'},360402
DC344BED-3E9C-11E8-A5CB-3FA3753A265A,{'subject': 'None imapd'},358906
BB957DE5-3E91-11E8-A5CB-3FA3753A265A,{'subject': 'None local'},357421
30DDB905-3E7E-11E8-A5CB-3FA3753A265A,{'subject': 'None cleanup'},355339
0CEB16E6-3E80-11E8-A5CB-3FA3753A265A,{'subject': 'None cleanup'},355577
3685BC54-3E7E-11E8-A5CB-3FA3753A265A,{'subject': 'None imapd'},355350
67A04B9F-3EBE-11E8-A5CB-3FA3753A265A,{'subject': 'None imapd'},362388
5F774443-3E97-11E8-A5CB-3FA3753A265A,{'subject': 'None sshd'},358131
9117E833-3E9A-11E8-A5CB-3FA3753A265A,{'subject': 'None proxymap'},358561
327621AE-3E80-11E8-A5CB-3FA3753A265A,{'subject': 'None test'},355641
6C04E5CF-3EA0-11E8-A5CB-3FA3753A265A,{'subject': 'None local'},359319
252867AB-3E7E-11E8-A5CB-3FA3753A265A,{'subject': 'None sshd'},355318
CF69D284-3EA4-11E8-A5CB-3FA3753A265A,{'subject': 'None imapd'},359823
3C3FADE9-3E9A-11E8-A5CB-3FA3753A265A,{'subject': 'None sshd'},358512
0466994B-3E97-11E8-A5CB-3FA3753A265A,{'subject': 'None smtpd'},358065
B62CDC61-3E93-11E8-A5CB-3FA3753A265A,{'subject': 'None smtpd'},357649
34F45649-3EA2-11E8-A5CB-3FA3753A265A,{'subject': 'None trivial-rewrite'},359506
849AD006-3E7F-11E8-A5CB-3FA3753A265A,{'subject': 'None imapd'},355487
37968EE6-3EAC-11E8-A5CB-3FA3753A265A,{'subject': 'None sshd'},360621
495C6040-3E97-11E8-A5CB-3FA3753A265A,{'subject': 'None local'},358123
8DC85D72-3E94-11E8-A5CB-3FA3753A265A,{'subject': 'None imapd'},357809
0F35E018-3E9F-11E8-A5CB-3FA3753A265A,{'subject': 'None local'},359151
0712AB44-3E97-11E8-A5CB-3FA3753A265A,{'subject': 'None sshd'},358077
E8DD0FAB-3E83-11E8-A5CB-3FA3753A265A,{'subject': 'None imapd'},356022
0C9ACCA8-3E80-11E8-A5CB-3FA3753A265A,{'subject': 'None smtpd'},355573
B6726499-3E91-11E8-A5CB-3FA3753A265A,{'subject': 'None smtpd'},357416
EE42B215-3EA3-11E8-A5CB-3FA3753A265A,{'subject': 'None anvil'},359692
0F141204-3E8B-11E8-A5CB-3FA3753A265A,{'subject': 'None anvil'},356661
B505C00D-3E9C-11E8-A5CB-3FA3753A265A,{'subject': 'None local'},358859
9809B8DA-3E80-11E8-A5CB-3FA3753A265A,{'subject': 'None imapd'},355686
EA519204-3E87-11E8-A5CB-3FA3753A265A,{'subject': 'None imapd'},356370
E13ED48B-3E9F-11E8-A5CB-3FA3753A265A,{'subject': 'None imapd'},359234
9E281471-3E9C-11E8-A5CB-3FA3753A265A,{'subject': 'None imapd'},358849
39DDB651-3EA2-11E8-A5CB-3FA3753A265A,{'subject': 'None imapd'},359533
21DD84ED-3E7E-11E8-A5CB-3FA3753A265A,{'subject': 'None imapd'},355317
0D3A84FB-3E80-11E8-A5CB-3FA3753A265A,{'subject': 'None local'},355581
D1002224-3EB1-11E8-A5CB-3FA3753A265A,{'subject': 'None imapd'},361170
3521E432-3EA2-11E8-A5CB-3FA3753A265A,{'subject': 'None local'},359508
3A074FC5-3EA2-11E8-A5CB-3FA3753A265A,{'subject': 'None imapd'},359535
528F4703-3EA0-11E8-A5CB-3FA3753A265A,{'subject': 'None imapd'},359301
EE51AC55-3EA3-11E8-A5CB-3FA3753A265A,{'subject': 'None trivial-rewrite'},359693
562E7731-3E7D-11E8-A5CB-3FA3753A265A,{'subject': 'None local'},355216
C1D2CE9A-3EA4-11E8-A5CB-3FA3753A265A,{'subject': 'None local'},359805
ECD39BCF-3EA4-11E8-A5CB-3FA3753A265A,{'subject': 'None imapd'},359848
82216537-3E9A-11E8-A5CB-3FA3753A265A,{'subject': 'None imapd'},358558
35B9A9ED-3EB4-11E8-A5CB-3FA3753A265A,{'subject': 'None proxymap'},361415
B5D5090A-3E94-11E8-A5CB-3FA3753A265A,{'subject': 'None sshd'},357842
67FD2B23-3E8F-11E8-A5CB-3FA3753A265A,{'subject': 'None local'},357172
942D509B-3EA4-11E8-A5CB-3FA3753A265A,{'subject': 'None imapd'},359765
F25531C3-3EA5-11E8-A5CB-3FA3753A265A,{'subject': 'None trivial-rewrite'},360000
F6B64B84-3E8A-11E8-A5CB-3FA3753A265A,{'subject': 'None imapd'},356648
2C7D2F1C-3E80-11E8-A5CB-3FA3753A265A,{'subject': 'None sh'},355613
8B923C55-3E91-11E8-A5CB-3FA3753A265A,{'subject': 'None proxymap'},357391
E8D44FD6-3E7B-11E8-A5CB-3FA3753A265A,{'subject': 'None proxymap'},354987
FDCE85E4-3E93-11E8-A5CB-3FA3753A265A,{'subject': 'None local'},357713
11C64B2C-3DC3-11E8-A5CA-3FA3753A265A,{'subject': 'None nginx'},337550
6B110CD6-3EA0-11E8-A5CB-3FA3753A265A,{'subject': 'None proxymap'},359315
0ED181BF-3E9F-11E8-A5CB-3FA3753A265A,{'subject': 'None proxymap'},359147
FFBF7A5C-3EC8-11E8-A5CB-3FA3753A265A,{'subject': 'None imapd'},363618
3490FAC9-3E8E-11E8-A5CB-3FA3753A265A,{'subject': 'None imapd'},357018
E5F6E091-3E93-11E8-A5CB-3FA3753A265A,{'subject': 'None imapd'},357700
95C51061-3E91-11E8-A5CB-3FA3753A265A,{'subject': 'None sshd'},357396
EE8FE613-3EA3-11E8-A5CB-3FA3753A265A,{'subject': 'None local'},359696
6C15ED35-3EA0-11E8-A5CB-3FA3753A265A,{'subject': 'None local'},359320
FEE91B2C-3EA7-11E8-A5CB-3FA3753A265A,{'subject': 'None imapd'},360191
34C6CFB0-3EA2-11E8-A5CB-3FA3753A265A,{'subject': 'None smtpd'},359503
B6661713-3E80-11E8-A5CB-3FA3753A265A,{'subject': 'None proxymap'},355699
1D3ACF79-3E7F-11E8-A5CB-3FA3753A265A,{'subject': 'None sendmail'},355447
93DA8E9A-3E9E-11E8-A5CB-3FA3753A265A,{'subject': 'None local'},359089
AC4E992E-3E97-11E8-A5CB-3FA3753A265A,{'subject': 'None sshd'},358203
8B85B580-3E91-11E8-A5CB-3FA3753A265A,{'subject': 'None smtpd'},357390
76DBA142-3E94-11E8-A5CB-3FA3753A265A,{'subject': 'None sshd'},357796
0F023B3D-3E8B-11E8-A5CB-3FA3753A265A,{'subject': 'None proxymap'},356660
BB714064-3EA0-11E8-A5CB-3FA3753A265A,{'subject': 'None imapd'},359354
0483D13E-3E94-11E8-A5CB-3FA3753A265A,{'subject': 'None sshd'},357730
496FEAF3-3E97-11E8-A5CB-3FA3753A265A,{'subject': 'None local'},358124
6B0416E5-3EA0-11E8-A5CB-3FA3753A265A,{'subject': 'None smtpd'},359314
FF14D641-3E9E-11E8-A5CB-3FA3753A265A,{'subject': 'None imapd'},359145
81DEC1BF-3E9A-11E8-A5CB-3FA3753A265A,{'subject': 'None imapd'},358556
DDA12E5B-3EA5-11E8-A5CB-3FA3753A265A,{'subject': 'None imapd'},359973
E0207FD9-3EA3-11E8-A5CB-3FA3753A265A,{'subject': 'None imapd'},359678
E905E358-3E7B-11E8-A5CB-3FA3753A265A,{'subject': 'None cleanup'},354990
B10C841E-3EA4-11E8-A5CB-3FA3753A265A,{'subject': 'None imapd'},359790
9A4A824D-3E9B-11E8-A5CB-3FA3753A265A,{'subject': 'None imapd'},358683
4C802121-3EC1-11E8-A5CB-3FA3753A265A,{'subject': 'None imapd'},362666
81F495A2-3E9A-11E8-A5CB-3FA3753A265A,{'subject': 'None imapd'},358557
FCBF50B6-3EB3-11E8-A5CB-3FA3753A265A,{'subject': 'None imapd'},361399
F73E10F6-3E9F-11E8-A5CB-3FA3753A265A,{'subject': 'None local'},359258
96C41D44-3E81-11E8-A5CB-3FA3753A265A,{'subject': 'None imapd'},355796
4BDAFE7F-3EC5-11E8-A5CB-3FA3753A265A,{'subject': 'None sshd'},363039
67EFB637-3E8F-11E8-A5CB-3FA3753A265A,{'subject': 'None local'},357171
EF8E150A-3E9E-11E8-A5CB-3FA3753A265A,{'subject': 'None imapd'},359117
5565046C-3EA7-11E8-A5CB-3FA3753A265A,{'subject': 'None imapd'},360139
97D90F62-3E80-11E8-A5CB-3FA3753A265A,{'subject': 'None imapd'},355685
C19762F0-3EA4-11E8-A5CB-3FA3753A265A,{'subject': 'None local'},359802
C3402ECA-3EC5-11E8-A5CB-3FA3753A265A,{'subject': 'None imapd'},363091
F63ACE0F-3E96-11E8-A5CB-3FA3753A265A,{'subject': 'None imapd'},358063
F21FF527-3EA5-11E8-A5CB-3FA3753A265A,{'subject': 'None anvil'},359999
42004330-3E93-11E8-A5CB-3FA3753A265A,{'subject': 'None local'},357601
CD38C7AE-3EAD-11E8-A5CB-3FA3753A265A,{'subject': 'None imapd'},360802
04D1D267-3E97-11E8-A5CB-3FA3753A265A,{'subject': 'None local'},358070
B6398BA4-3E93-11E8-A5CB-3FA3753A265A,{'subject': 'None proxymap'},357650
BF934AF1-3EA9-11E8-A5CB-3FA3753A265A,{'subject': 'None trivial-rewrite'},360368
2DE3D3F6-3E9A-11E8-A5CB-3FA3753A265A,{'subject': 'None imapd'},358498
3504C494-3EA2-11E8-A5CB-3FA3753A265A,{'subject': 'None cleanup'},359507
C3EAED88-3EA9-11E8-A5CB-3FA3753A265A,{'subject': 'None local'},360374
B44D0BC8-3E9C-11E8-A5CB-3FA3753A265A,{'subject': 'None smtpd'},358852
41B32BC9-3E93-11E8-A5CB-3FA3753A265A,{'subject': 'None cleanup'},357597
917D5176-3E9A-11E8-A5CB-3FA3753A265A,{'subject': 'None local'},358565
6B7C634A-3E9A-11E8-A5CB-3FA3753A265A,{'subject': 'None imapd'},358530
D5045A5B-3EA0-11E8-A5CB-3FA3753A265A,{'subject': 'None smtpd'},359365
A0762F11-3E81-11E8-A5CB-3FA3753A265A,{'subject': 'None imapd'},355802
0D0A31D3-3E80-11E8-A5CB-3FA3753A265A,{'subject': 'None local'},355579
AAC07555-3E81-11E8-A5CB-3FA3753A265A,{'subject': 'None local'},355812
41D0F7E6-3E93-11E8-A5CB-3FA3753A265A,{'subject': 'None local'},357598
47E61FFC-3E80-11E8-A5CB-3FA3753A265A,{'subject': 'None test'},355657
CBA91C78-3EA4-11E8-A5CB-3FA3753A265A,{'subject': 'None imapd'},359816
84592264-3EAB-11E8-A5CB-3FA3753A265A,{'subject': 'None imapd'},360555
675ACDFF-3E8F-11E8-A5CB-3FA3753A265A,{'subject': 'None proxymap'},357166
2D4110C2-3EAC-11E8-A5CB-3FA3753A265A,{'subject': 'None trivial-rewrite'},360618
B6D0095E-3E91-11E8-A5CB-3FA3753A265A,{'subject': 'None imapd'},357417
209E3EB3-3EA2-11E8-A5CB-3FA3753A265A,{'subject': 'None imapd'},359500
04E0548A-3E97-11E8-A5CB-3FA3753A265A,{'subject': 'None local'},358071
75CD1358-3EB9-11E8-A5CB-3FA3753A265A,{'subject': 'None sshd'},361896
73563D04-3EAB-11E8-A5CB-3FA3753A265A,{'subject': 'None imapd'},360544
B7279164-3E93-11E8-A5CB-3FA3753A265A,{'subject': 'None local'},357655
D61B5913-3E9B-11E8-A5CB-3FA3753A265A,{'subject': 'None local'},358738
FDDC4FEE-3E93-11E8-A5CB-3FA3753A265A,{'subject': 'None local'},357714
E94B4C5B-3E7B-11E8-A5CB-3FA3753A265A,{'subject': 'None local'},354993
AD4C7F90-3EA4-11E8-A5CB-3FA3753A265A,{'subject': 'None imapd'},359782
2E6C9DAD-3EA5-11E8-A5CB-3FA3753A265A,{'subject': 'None imapd'},359868
E16216E2-3E9F-11E8-A5CB-3FA3753A265A,{'subject': 'None imapd'},359235
B6909D16-3E93-11E8-A5CB-3FA3753A265A,{'subject': 'None trivial-rewrite'},357651
35DD5056-3EBA-11E8-A5CB-3FA3753A265A,{'subject': 'None imapd'},361979
3921F512-3E9A-11E8-A5CB-3FA3753A265A,{'subject': 'None imapd'},358511
B77DB6F0-3E80-11E8-A5CB-3FA3753A265A,{'subject': 'None local'},355704
93E7F355-3E9E-11E8-A5CB-3FA3753A265A,{'subject': 'None local'},359090
B5069DB9-3EAF-11E8-A5CB-3FA3753A265A,{'subject': 'None imapd'},360982
0CC08415-3E80-11E8-A5CB-3FA3753A265A,{'subject': 'None anvil'},355575
AA1A01A0-3EB3-11E8-A5CB-3FA3753A265A,{'subject': 'None imapd'},361354
7E121B54-3E94-11E8-A5CB-3FA3753A265A,{'subject': 'None proxymap'},357805
E8F561A7-3E7B-11E8-A5CB-3FA3753A265A,{'subject': 'None trivial-rewrite'},354989
918C6C7D-3E9A-11E8-A5CB-3FA3753A265A,{'subject': 'None local'},358566
D15090C3-3E99-11E8-A5CB-3FA3753A265A,{'subject': 'None sshd'},358459
1DC7DCAC-3EB8-11E8-A5CB-3FA3753A265A,{'subject': 'None imapd'},361789
CFA7E644-3EA4-11E8-A5CB-3FA3753A265A,{'subject': 'None imapd'},359824
2ED69488-3EA1-11E8-A5CB-3FA3753A265A,{'subject': 'None imapd'},359400
2DC823A7-3E8B-11E8-A5CB-3FA3753A265A,{'subject': 'None local'},356689
2ECBA32A-3E97-11E8-A5CB-3FA3753A265A,{'subject': 'None imapd'},358103
8BA3CCD5-3E91-11E8-A5CB-3FA3753A265A,{'subject': 'None anvil'},357392
3A5E134A-3EA2-11E8-A5CB-3FA3753A265A,{'subject': 'None imapd'},359536
E13AA13E-3EA5-11E8-A5CB-3FA3753A265A,{'subject': 'None imapd'},359981
E7DF03B6-3E9B-11E8-A5CB-3FA3753A265A,{'subject': 'None imapd'},358759
EA7DA046-3EA9-11E8-A5CB-3FA3753A265A,{'subject': 'None imapd'},360400
5126ABF8-3E8E-11E8-A5CB-3FA3753A265A,{'subject': 'None sshd'},357034
BB6C9116-3E91-11E8-A5CB-3FA3753A265A,{'subject': 'None local'},357419
5BEA1391-3E91-11E8-A5CB-3FA3753A265A,{'subject': 'None imapd'},357376
E1A513EC-3EA5-11E8-A5CB-3FA3753A265A,{'subject': 'None imapd'},359985
F65E23C7-3E9B-11E8-A5CB-3FA3753A265A,{'subject': 'None local'},358761
35DD25B3-3EBA-11E8-A5CB-3FA3753A265A,{'subject': 'None imapd'},361978
494D2E98-3E7C-11E8-A5CB-3FA3753A265A,{'subject': 'None sshd'},355057
5430313C-3E98-11E8-A5CB-3FA3753A265A,{'subject': 'None sshd'},358286
493EDA0A-3E97-11E8-A5CB-3FA3753A265A,{'subject': 'None local'},358121
F72B69E0-3E9F-11E8-A5CB-3FA3753A265A,{'subject': 'None local'},359257
D0FFF695-3EB1-11E8-A5CB-3FA3753A265A,{'subject': 'None imapd'},361169
B51549A5-3E9C-11E8-A5CB-3FA3753A265A,{'subject': 'None local'},358860
84FDA82A-3EA6-11E8-A5CB-3FA3753A265A,{'subject': 'None imapd'},360056
B47717B7-3E9C-11E8-A5CB-3FA3753A265A,{'subject': 'None anvil'},358854
C4F4FF22-3E7B-11E8-A5CB-3FA3753A265A,{'subject': 'None tmux-1002'},354975
1800072A-3E86-11E8-A5CB-3FA3753A265A,{'subject': 'None sshd'},356204
5CD609A7-3E7F-11E8-A5CB-3FA3753A265A,{'subject': 'None main'},355470
0F5105FE-3E8B-11E8-A5CB-3FA3753A265A,{'subject': 'None trivial-rewrite'},356662
B459FAAF-3E9C-11E8-A5CB-3FA3753A265A,{'subject': 'None proxymap'},358853
F232652A-3EC1-11E8-A5CB-3FA3753A265A,{'subject': 'None sshd'},362741
9F937674-3E93-11E8-A5CB-3FA3753A265A,{'subject': 'None imapd'},357643
488402A2-3E97-11E8-A5CB-3FA3753A265A,{'subject': 'None smtpd'},358117
2F0660E8-3E93-11E8-A5CB-3FA3753A265A,{'subject': 'None imapd'},357593
5105A7D9-3E91-11E8-A5CB-3FA3753A265A,{'subject': 'None imapd'},357351
4D2D316C-3EA5-11E8-A5CB-3FA3753A265A,{'subject': 'None trivial-rewrite'},359901
34C0545A-3E8E-11E8-A5CB-3FA3753A265A,{'subject': 'None imapd'},357019
049C5D49-3E97-11E8-A5CB-3FA3753A265A,{'subject': 'None trivial-rewrite'},358068
04ACA1C3-3E97-11E8-A5CB-3FA3753A265A,{'subject': 'None cleanup'},358069
2E93070B-3E93-11E8-A5CB-3FA3753A265A,{'subject': 'None sshd'},357585
F6ADBF54-3E9F-11E8-A5CB-3FA3753A265A,{'subject': 'None proxymap'},359249
8CE09DC9-3EB3-11E8-A5CB-3FA3753A265A,{'subject': 'None imapd'},361342
30990881-3E7E-11E8-A5CB-3FA3753A265A,{'subject': 'None proxymap'},355336
DC9E7CE4-3E92-11E8-A5CB-3FA3753A265A,{'subject': 'None sshd'},357538
F30BA07B-3E8A-11E8-A5CB-3FA3753A265A,{'subject': 'None imapd'},356639
48913572-3E97-11E8-A5CB-3FA3753A265A,{'subject': 'None proxymap'},358118
4867859A-3E8F-11E8-A5CB-3FA3753A265A,{'subject': 'None imapd'},357146
FDA15149-3E93-11E8-A5CB-3FA3753A265A,{'subject': 'None trivial-rewrite'},357711
2590040A-3ECF-11E8-A5CB-3FA3753A265A,{'subject': 'None imapd'},364183
746F9B72-3EAF-11E8-A5CB-3FA3753A265A,{'subject': 'None imapd'},360955
30C1BF65-3E7E-11E8-A5CB-3FA3753A265A,{'subject': 'None trivial-rewrite'},355338
E23E3B53-3E97-11E8-A5CB-3FA3753A265A,{'subject': 'None sshd'},358232
80F82AAB-3EA6-11E8-A5CB-3FA3753A265A,{'subject': 'None imapd'},360049
EDE92815-3E7F-11E8-A5CB-3FA3753A265A,{'subject': 'None sshd'},355548
AFCD1601-3E9B-11E8-A5CB-3FA3753A265A,{'subject': 'None trivial-rewrite'},358701
676C5C07-3E8F-11E8-A5CB-3FA3753A265A,{'subject': 'None anvil'},357167
5E92AC16-3EC3-11E8-A5CB-3FA3753A265A,{'subject': 'None sshd'},362882
726D9697-3E8C-11E8-A5CB-3FA3753A265A,{'subject': 'None anvil'},356846
763B207E-3EAB-11E8-A5CB-3FA3753A265A,{'subject': 'None imapd'},360545
7902AD22-3EA5-11E8-A5CB-3FA3753A265A,{'subject': 'None imapd'},359935
0D23DFDC-3E80-11E8-A5CB-3FA3753A265A,{'subject': 'None local'},355580
0780A1C5-3E9C-11E8-A5CB-3FA3753A265A,{'subject': 'None imapd'},358781
39C2D7E4-3EA5-11E8-A5CB-3FA3753A265A,{'subject': 'None imapd'},359881
2CD9894C-3EAC-11E8-A5CB-3FA3753A265A,{'subject': 'None anvil'},360617
B4AF29FE-3E9C-11E8-A5CB-3FA3753A265A,{'subject': 'None cleanup'},358856
40E9A0FF-3EA9-11E8-A5CB-3FA3753A265A,{'subject': 'None imapd'},360311
0CD7EF3B-3E80-11E8-A5CB-3FA3753A265A,{'subject': 'None trivial-rewrite'},355576
34D3B1ED-3EA2-11E8-A5CB-3FA3753A265A,{'subject': 'None proxymap'},359504
FFBFBCD8-3EC8-11E8-A5CB-3FA3753A265A,{'subject': 'None imapd'},363619
7D5CC35B-3EB5-11E8-A5CB-3FA3753A265A,{'subject': 'None sshd'},361526
D584EB75-3EA0-11E8-A5CB-3FA3753A265A,{'subject': 'None cleanup'},359368
2B9CA9C5-3E93-11E8-A5CB-3FA3753A265A,{'subject': 'None imapd'},357578
81247F82-3E9E-11E8-A5CB-3FA3753A265A,{'subject': 'None imapd'},359072
E16583A1-3EA5-11E8-A5CB-3FA3753A265A,{'subject': 'None imapd'},359982
A162A906-3EA4-11E8-A5CB-3FA3753A265A,{'subject': 'None imapd'},359778
973E9560-3EB9-11E8-A5CB-3FA3753A265A,{'subject': 'None imapd'},361920
36485ABE-3EA2-11E8-A5CB-3FA3753A265A,{'subject': 'None imapd'},359516
D42C54EC-3EC6-11E8-A5CB-3FA3753A265A,{'subject': 'None imapd'},363207
0CA7A65B-3E80-11E8-A5CB-3FA3753A265A,{'subject': 'None proxymap'},355574
B6F876BB-3E80-11E8-A5CB-3FA3753A265A,{'subject': 'None cleanup'},355702
72C55483-3E8C-11E8-A5CB-3FA3753A265A,{'subject': 'None local'},356851
E11EE71A-3E9F-11E8-A5CB-3FA3753A265A,{'subject': 'None imapd'},359233
39C6EC43-3EA2-11E8-A5CB-3FA3753A265A,{'subject': 'None imapd'},359532
563DC440-3E7D-11E8-A5CB-3FA3753A265A,{'subject': 'None local'},355217
2502068B-3ECF-11E8-A5CB-3FA3753A265A,{'subject': 'None imapd'},364182
93CBF4E7-3E9E-11E8-A5CB-3FA3753A265A,{'subject': 'None local'},359088
2CBA17FE-3EAC-11E8-A5CB-3FA3753A265A,{'subject': 'None smtpd'},360615
B9C5F3C3-3E98-11E8-A5CB-3FA3753A265A,{'subject': 'None imapd'},358334
68140B17-3E8F-11E8-A5CB-3FA3753A265A,{'subject': 'None local'},357173
0EC4EB4C-3E9F-11E8-A5CB-3FA3753A265A,{'subject': 'None smtpd'},359146
354F5FF9-3EA2-11E8-A5CB-3FA3753A265A,{'subject': 'None local'},359511
43D17ABA-3E8D-11E8-A5CB-3FA3753A265A,{'subject': 'None sshd'},356929
9C119BB0-3E93-11E8-A5CB-3FA3753A265A,{'subject': 'None imapd'},357636
EFBA6A78-3E9E-11E8-A5CB-3FA3753A265A,{'subject': 'None imapd'},359118
EAE9ECB5-3E96-11E8-A5CB-3FA3753A265A,{'subject': 'None imapd'},358048
63EA439B-3E8C-11E8-A5CB-3FA3753A265A,{'subject': 'None imapd'},356834
53E94DD2-3EA1-11E8-A5CB-3FA3753A265A,{'subject': 'None imapd'},359418
B97A23E1-3E99-11E8-A5CB-3FA3753A265A,{'subject': 'None sshd'},358438
72E19356-3E8C-11E8-A5CB-3FA3753A265A,{'subject': 'None local'},356853
D8CBD5FA-3E80-11E8-A5CB-3FA3753A265A,{'subject': 'None local'},355719
56186ACD-3E7D-11E8-A5CB-3FA3753A265A,{'subject': 'None local'},355215
01429F3F-3EB4-11E8-A5CB-3FA3753A265A,{'subject': 'None imapd'},361402
F28D7FA0-3EA5-11E8-A5CB-3FA3753A265A,{'subject': 'None local'},360002
55D24587-3E7D-11E8-A5CB-3FA3753A265A,{'subject': 'None smtpd'},355212
7E051C5D-3E94-11E8-A5CB-3FA3753A265A,{'subject': 'None smtpd'},357804
2E484670-3EA1-11E8-A5CB-3FA3753A265A,{'subject': 'None imapd'},359399
1671354C-3E8B-11E8-A5CB-3FA3753A265A,{'subject': 'None imapd'},356676
7E5CED78-3E9A-11E8-A5CB-3FA3753A265A,{'subject': 'None imapd'},358549
B0990ADD-3EC2-11E8-A5CB-3FA3753A265A,{'subject': 'None sshd'},362804
B7353499-3E93-11E8-A5CB-3FA3753A265A,{'subject': 'None local'},357658
2AAF4E63-3E7C-11E8-A5CB-3FA3753A265A,{'subject': 'None local'},355039
07A2DD7A-3E9C-11E8-A5CB-3FA3753A265A,{'subject': 'None imapd'},358782
4CE547B7-3EA5-11E8-A5CB-3FA3753A265A,{'subject': 'None proxymap'},359900
7E359256-3EB9-11E8-A5CB-3FA3753A265A,{'subject': 'None imapd'},361916
FA25A6FC-3E90-11E8-A5CB-3FA3753A265A,{'subject': 'None sshd'},357316
728C110D-3E8C-11E8-A5CB-3FA3753A265A,{'subject': 'None cleanup'},356848
E9385573-3E7B-11E8-A5CB-3FA3753A265A,{'subject': 'None local'},354992
D7EBD3CE-3E96-11E8-A5CB-3FA3753A265A,{'subject': 'None sshd'},358037
FEFAACE3-3E9E-11E8-A5CB-3FA3753A265A,{'subject': 'None imapd'},359144
0EE31DC4-3E9F-11E8-A5CB-3FA3753A265A,{'subject': 'None anvil'},359148
52501D4D-3EA0-11E8-A5CB-3FA3753A265A,{'subject': 'None imapd'},359300
AAE42D73-3E81-11E8-A5CB-3FA3753A265A,{'subject': 'None local'},355814
494D1A9E-3E97-11E8-A5CB-3FA3753A265A,{'subject': 'None local'},358122
55DF3091-3E7D-11E8-A5CB-3FA3753A265A,{'subject': 'None proxymap'},355213
C0458638-3E97-11E8-A5CB-3FA3753A265A,{'subject': 'None sshd'},358214
B48CD760-3E9C-11E8-A5CB-3FA3753A265A,{'subject': 'None trivial-rewrite'},358855
725C04AA-3E8C-11E8-A5CB-3FA3753A265A,{'subject': 'None proxymap'},356845
BE390F64-3EC1-11E8-A5CB-3FA3753A265A,{'subject': 'None imapd'},362715
53E9217A-3EA1-11E8-A5CB-3FA3753A265A,{'subject': 'None imapd'},359417
E10F5AAB-3E7C-11E8-A5CB-3FA3753A265A,{'subject': 'None cleanup'},355134
66861A0F-3E98-11E8-A5CB-3FA3753A265A,{'subject': 'None sshd'},358304
BBC0F68C-3E9C-11E8-A5CB-3FA3753A265A,{'subject': 'None imapd'},358881
20B4657A-3EA2-11E8-A5CB-3FA3753A265A,{'subject': 'None imapd'},359501
3B1445F2-3E92-11E8-A5CB-3FA3753A265A,{'subject': 'None sshd'},357474
522513D0-3EA0-11E8-A5CB-3FA3753A265A,{'subject': 'None imapd'},359299
A023FB1D-3E93-11E8-A5CB-3FA3753A265A,{'subject': 'None imapd'},357646
3C76E04F-3E9D-11E8-A5CB-3FA3753A265A,{'subject': 'None imapd'},358951
CE04E4A6-3EAD-11E8-A5CB-3FA3753A265A,{'subject': 'None imapd'},360803
669ECCB9-3EA9-11E8-A5CB-3FA3753A265A,{'subject': 'None imapd'},360325
42E4A848-3E7C-11E8-A5CB-3FA3753A265A,{'subject': 'None tmux-1002'},355056
91B72246-3E9A-11E8-A5CB-3FA3753A265A,{'subject': 'None local'},358569
2A3501A7-3E7C-11E8-A5CB-3FA3753A265A,{'subject': 'None smtpd'},355033
6F01696C-3EAB-11E8-A5CB-3FA3753A265A,{'subject': 'None imapd'},360542
B003754B-3E9B-11E8-A5CB-3FA3753A265A,{'subject': 'None local'},358703
AC95FCC2-3E96-11E8-A5CB-3FA3753A265A,{'subject': 'None sshd'},358016
7B30E76D-3E7D-11E8-A5CB-3FA3753A265A,{'subject': 'None minions'},355247
9E5184C5-3E9B-11E8-A5CB-3FA3753A265A,{'subject': 'None imapd'},358697
E14C2219-3E7C-11E8-A5CB-3FA3753A265A,{'subject': 'None local'},355137
520F41CE-3EA0-11E8-A5CB-3FA3753A265A,{'subject': 'None imapd'},359298
F6ED6B25-3E9F-11E8-A5CB-3FA3753A265A,{'subject': 'None cleanup'},359254
48289024-3E7E-11E8-A5CB-3FA3753A265A,{'subject': 'None XIM'},355357
C3CB2BE9-3EC5-11E8-A5CB-3FA3753A265A,{'subject': 'None imapd'},363094
3086E7C0-3E7E-11E8-A5CB-3FA3753A265A,{'subject': 'None smtpd'},355335
0F982544-3E8B-11E8-A5CB-3FA3753A265A,{'subject': 'None local'},356665
2EAB1E0C-3E97-11E8-A5CB-3FA3753A265A,{'subject': 'None imapd'},358102
6E2AE0FC-3ED5-11E8-A5CB-3FA3753A265A,{'subject': 'None imapd'},364725
3C76D118-3EBA-11E8-A5CB-3FA3753A265A,{'subject': 'None sshd'},361982
1FE85E80-3E8D-11E8-A5CB-3FA3753A265A,{'subject': 'None sshd'},356911
97B89640-3E80-11E8-A5CB-3FA3753A265A,{'subject': 'None imapd'},355684
C171FB4F-3EA4-11E8-A5CB-3FA3753A265A,{'subject': 'None cleanup'},359799
66DC45BF-3EA9-11E8-A5CB-3FA3753A265A,{'subject': 'None imapd'},360326
B67E58D2-3E80-11E8-A5CB-3FA3753A265A,{'subject': 'None anvil'},355700
EEACCC91-3EA3-11E8-A5CB-3FA3753A265A,{'subject': 'None local'},359698
96AECFF6-3E81-11E8-A5CB-3FA3753A265A,{'subject': 'None imapd'},355795
AE13A0CE-3E94-11E8-A5CB-3FA3753A265A,{'subject': 'None pickup'},357831
B4B72E00-3EAF-11E8-A5CB-3FA3753A265A,{'subject': 'None imapd'},360981
853C8E17-3EA6-11E8-A5CB-3FA3753A265A,{'subject': 'None imapd'},360057
D5E6090D-3EA0-11E8-A5CB-3FA3753A265A,{'subject': 'None local'},359372
C34183B1-3EA9-11E8-A5CB-3FA3753A265A,{'subject': 'None cleanup'},360370
9FA94E28-3E93-11E8-A5CB-3FA3753A265A,{'subject': 'None imapd'},357644
449EC2FB-3EA2-11E8-A5CB-3FA3753A265A,{'subject': 'None local'},359537
47EB4608-3E80-11E8-A5CB-3FA3753A265A,{'subject': 'None uname'},355658
5D74B611-3E91-11E8-A5CB-3FA3753A265A,{'subject': 'None imapd'},357379
1687459E-3E8B-11E8-A5CB-3FA3753A265A,{'subject': 'None imapd'},356677
910B0B4F-3E9A-11E8-A5CB-3FA3753A265A,{'subject': 'None smtpd'},358560
54D3FA7D-3EA7-11E8-A5CB-3FA3753A265A,{'subject': 'None imapd'},360134
72B7186B-3E8C-11E8-A5CB-3FA3753A265A,{'subject': 'None local'},356850
000856DA-3E9D-11E8-A5CB-3FA3753A265A,{'subject': 'None imapd'},358921
35AC8239-3EB4-11E8-A5CB-3FA3753A265A,{'subject': 'None smtpd'},361414
0EFE3FB8-3E9F-11E8-A5CB-3FA3753A265A,{'subject': 'None trivial-rewrite'},359149
AA78B203-3E81-11E8-A5CB-3FA3753A265A,{'subject': 'None trivial-rewrite'},355810
944D7FEA-3E80-11E8-A5CB-3FA3753A265A,{'subject': 'None imapd'},355679
134A7255-3EBE-11E8-A5CB-3FA3753A265A,{'subject': 'None sshd'},362332
CF275D77-3EA4-11E8-A5CB-3FA3753A265A,{'subject': 'None imapd'},359821
F4B59EAF-3ECA-11E8-A5CB-3FA3753A265A,{'subject': 'None imapd'},363782
938FA0BF-3E9E-11E8-A5CB-3FA3753A265A,{'subject': 'None trivial-rewrite'},359086
67A70FAD-3E8F-11E8-A5CB-3FA3753A265A,{'subject': 'None trivial-rewrite'},357168
DE63E62D-3EA4-11E8-A5CB-3FA3753A265A,{'subject': 'None local'},359825
39E439B7-3EA5-11E8-A5CB-3FA3753A265A,{'subject': 'None imapd'},359882
90B367B7-3E92-11E8-A5CB-3FA3753A265A,{'subject': 'None sshd'},357507
E13B8DBC-3E7C-11E8-A5CB-3FA3753A265A,{'subject': 'None local'},355136
0373B091-3EA5-11E8-A5CB-3FA3753A265A,{'subject': 'None local'},359849
68204385-3EBE-11E8-A5CB-3FA3753A265A,{'subject': 'None imapd'},362389
D42C9CC9-3EC6-11E8-A5CB-3FA3753A265A,{'subject': 'None imapd'},363208
88DFB3CF-3EA4-11E8-A5CB-3FA3753A265A,{'subject': 'None imapd'},359758
DD41913F-3EAD-11E8-A5CB-3FA3753A265A,{'subject': 'None sshd'},360806
69C9FB25-3EC6-11E8-A5CB-3FA3753A265A,{'subject': 'None sshd'},363149
2CC6B1AB-3EAC-11E8-A5CB-3FA3753A265A,{'subject': 'None proxymap'},360616
353FF459-3E8A-11E8-A5CB-3FA3753A265A,{'subject': 'None sshd'},356579
AF6D90F3-3E9B-11E8-A5CB-3FA3753A265A,{'subject': 'None proxymap'},358699
0008F078-3E9D-11E8-A5CB-3FA3753A265A,{'subject': 'None imapd'},358922
261A26CC-3E89-11E8-A5CB-3FA3753A265A,{'subject': 'None sshd'},356472
BE0FF144-3E9B-11E8-A5CB-3FA3753A265A,{'subject': 'None imapd'},358714
674DC55A-3E8F-11E8-A5CB-3FA3753A265A,{'subject': 'None smtpd'},357165
DBA53EC1-3E9C-11E8-A5CB-3FA3753A265A,{'subject': 'None imapd'},358905
4D8372BC-3EA5-11E8-A5CB-3FA3753A265A,{'subject': 'None local'},359905
C3CD56A7-3EA9-11E8-A5CB-3FA3753A265A,{'subject': 'None local'},360372
932DED7B-3E81-11E8-A5CB-3FA3753A265A,{'subject': 'None imapd'},355788
A07602CE-3E81-11E8-A5CB-3FA3753A265A,{'subject': 'None imapd'},355801
B24ADAB8-3E8E-11E8-A5CB-3FA3753A265A,{'subject': 'None sshd'},357073
1D333E67-3EA2-11E8-A5CB-3FA3753A265A,{'subject': 'None imapd'},359495
D8BA5149-3E80-11E8-A5CB-3FA3753A265A,{'subject': 'None local'},355718
83D7D768-3EAB-11E8-A5CB-3FA3753A265A,{'subject': 'None imapd'},360552
0EF56EEC-3E8B-11E8-A5CB-3FA3753A265A,{'subject': 'None smtpd'},356659
B856ACDF-3E9C-11E8-A5CB-3FA3753A265A,{'subject': 'None imapd'},358866
F201A90B-3EA5-11E8-A5CB-3FA3753A265A,{'subject': 'None smtpd'},359997
FD8F0E9F-3E93-11E8-A5CB-3FA3753A265A,{'subject': 'None proxymap'},357710
BC7A8C21-3E83-11E8-A5CB-3FA3753A265A,{'subject': 'None imapd'},356006
4D652224-3EA5-11E8-A5CB-3FA3753A265A,{'subject': 'None local'},359903
04F152FB-3E97-11E8-A5CB-3FA3753A265A,{'subject': 'None local'},358072
67B8908F-3E8F-11E8-A5CB-3FA3753A265A,{'subject': 'None cleanup'},357169
F6D32256-3E9F-11E8-A5CB-3FA3753A265A,{'subject': 'None trivial-rewrite'},359253
0758CFD1-3EAC-11E8-A5CB-3FA3753A265A,{'subject': 'None imapd'},360596
30F4FFB3-3E9B-11E8-A5CB-3FA3753A265A,{'subject': 'None sshd'},358638
D5615E3D-3EA0-11E8-A5CB-3FA3753A265A,{'subject': 'None trivial-rewrite'},359367
116EF05D-3DC3-11E8-A5CA-3FA3753A265A,{'subject': 'None sshd'},336504
A279F249-3EA4-11E8-A5CB-3FA3753A265A,{'subject': 'None imapd'},359781
219DE547-3E7E-11E8-A5CB-3FA3753A265A,{'subject': 'None XIM'},355316
F9369101-3E9E-11E8-A5CB-3FA3753A265A,{'subject': 'None imapd'},359130
B1571DBA-3EA4-11E8-A5CB-3FA3753A265A,{'subject': 'None imapd'},359791
48E26CDC-3E97-11E8-A5CB-3FA3753A265A,{'subject': 'None trivial-rewrite'},358119
313E814B-3E7E-11E8-A5CB-3FA3753A265A,{'subject': 'None local'},355343
EE2F15F4-3EA3-11E8-A5CB-3FA3753A265A,{'subject': 'None proxymap'},359691
7E2299AD-3EB0-11E8-A5CB-3FA3753A265A,{'subject': 'None sshd'},361047
B76FBD8C-3E80-11E8-A5CB-3FA3753A265A,{'subject': 'None local'},355703
048DDCD9-3E97-11E8-A5CB-3FA3753A265A,{'subject': 'None anvil'},358067
E06E93AD-3EB1-11E8-A5CB-3FA3753A265A,{'subject': 'None sshd'},361183
BAE2583F-3E91-11E8-A5CB-3FA3753A265A,{'subject': 'None cleanup'},357418
2B3ED321-3E97-11E8-A5CB-3FA3753A265A,{'subject': 'None imapd'},358095
8BD31910-3E91-11E8-A5CB-3FA3753A265A,{'subject': 'None imapd'},357393
5652E483-3E7D-11E8-A5CB-3FA3753A265A,{'subject': 'None local'},355218
41DE5BCA-3E93-11E8-A5CB-3FA3753A265A,{'subject': 'None local'},357599
E0FF5BBF-3E7C-11E8-A5CB-3FA3753A265A,{'subject': 'None trivial-rewrite'},355133
EC6649F7-3EA4-11E8-A5CB-3FA3753A265A,{'subject': 'None imapd'},359846
972E05AF-3E81-11E8-A5CB-3FA3753A265A,{'subject': 'None imapd'},355798
EE62131E-3EA3-11E8-A5CB-3FA3753A265A,{'subject': 'None cleanup'},359694
914CC142-3E9A-11E8-A5CB-3FA3753A265A,{'subject': 'None trivial-rewrite'},358563
C821C4C8-3E93-11E8-A5CB-3FA3753A265A,{'subject': 'None sshd'},357682
41F7F772-3E7E-11E8-A5CB-3FA3753A265A,{'subject': 'None imapd'},355356
654021AB-3E97-11E8-A5CB-3FA3753A265A,{'subject': 'None sshd'},358147
55D9E7CB-3ED3-11E8-A5CB-3FA3753A265A,{'subject': 'None imapd'},364536
C73F7C32-3E9B-11E8-A5CB-3FA3753A265A,{'subject': 'None sshd'},358727
E0B1EDC5-3E7C-11E8-A5CB-3FA3753A265A,{'subject': 'None smtpd'},355130
DDB46C16-3E9F-11E8-A5CB-3FA3753A265A,{'subject': 'None imapd'},359226
20E03E07-3EA2-11E8-A5CB-3FA3753A265A,{'subject': 'None imapd'},359502
B4E19776-3E9C-11E8-A5CB-3FA3753A265A,{'subject': 'None local'},358857
F983642A-3E9E-11E8-A5CB-3FA3753A265A,{'subject': 'None imapd'},359131
0EA16A98-3E94-11E8-A5CB-3FA3753A265A,{'subject': 'None sshd'},357741
7D7B8642-3EC1-11E8-A5CB-3FA3753A265A,{'subject': 'None imapd'},362691
5A67AA26-3E99-11E8-A5CB-3FA3753A265A,{'subject': 'None sshd'},358407
915DB8BC-3E9A-11E8-A5CB-3FA3753A265A,{'subject': 'None cleanup'},358564
3C723211-3E9D-11E8-A5CB-3FA3753A265A,{'subject': 'None imapd'},358950
DEFA71D6-3EA9-11E8-A5CB-3FA3753A265A,{'subject': 'None smtpd'},360399
15267234-3E7F-11E8-A5CB-3FA3753A265A,{'subject': 'None sendmail'},355439
F71C2B35-3E9F-11E8-A5CB-3FA3753A265A,{'subject': 'None local'},359256
AF5F6F2F-3EA5-11E8-A5CB-3FA3753A265A,{'subject': 'None sshd'},359951
C50C794C-3EBF-11E8-A5CB-3FA3753A265A,{'subject': 'None sshd'},362521
D62A56EB-3E9B-11E8-A5CB-3FA3753A265A,{'subject': 'None local'},358739
BBEF2103-3E83-11E8-A5CB-3FA3753A265A,{'subject': 'None imapd'},356003
D39B9668-3E98-11E8-A5CB-3FA3753A265A,{'subject': 'None imapd'},358347
F26922D2-3EA5-11E8-A5CB-3FA3753A265A,{'subject': 'None cleanup'},360001
8BD752BB-3E91-11E8-A5CB-3FA3753A265A,{'subject': 'None trivial-rewrite'},357394
9ABB2B98-3E9C-11E8-A5CB-3FA3753A265A,{'subject': 'None imapd'},358842
53B81C83-3E8F-11E8-A5CB-3FA3753A265A,{'subject': 'None imapd'},357153
D5114B52-3EA0-11E8-A5CB-3FA3753A265A,{'subject': 'None proxymap'},359366
BF0FBB3B-3EA9-11E8-A5CB-3FA3753A265A,{'subject': 'None smtpd'},360365
C0F035A1-3EA4-11E8-A5CB-3FA3753A265A,{'subject': 'None proxymap'},359796
6A78D425-3EBE-11E8-A5CB-3FA3753A265A,{'subject': 'None sshd'},362392
0F15EDDB-3E9F-11E8-A5CB-3FA3753A265A,{'subject': 'None cleanup'},359150
55FB8475-3E7D-11E8-A5CB-3FA3753A265A,{'subject': 'None cleanup'},355214
E0BEE4EC-3E7C-11E8-A5CB-3FA3753A265A,{'subject': 'None proxymap'},355131
F70D46AA-3E9F-11E8-A5CB-3FA3753A265A,{'subject': 'None local'},359255
E8C45A97-3E7B-11E8-A5CB-3FA3753A265A,{'subject': 'None smtpd'},354983
6B8F12CB-3EA0-11E8-A5CB-3FA3753A265A,{'subject': 'None cleanup'},359317
2F4910E3-3E93-11E8-A5CB-3FA3753A265A,{'subject': 'None imapd'},357595
F2B0F5C5-3EA5-11E8-A5CB-3FA3753A265A,{'subject': 'None local'},360004
D0FA14A7-3E9C-11E8-A5CB-3FA3753A265A,{'subject': 'None local'},358884
D4CBDAA2-3EA3-11E8-A5CB-3FA3753A265A,{'subject': 'None imapd'},359671
FDEDCD94-3E93-11E8-A5CB-3FA3753A265A,{'subject': 'None local'},357715
BC025C8B-3E9C-11E8-A5CB-3FA3753A265A,{'subject': 'None imapd'},358883
727C09EB-3E8C-11E8-A5CB-3FA3753A265A,{'subject': 'None trivial-rewrite'},356847
F65297BF-3E96-11E8-A5CB-3FA3753A265A,{'subject': 'None imapd'},358064
AA99B2BC-3E81-11E8-A5CB-3FA3753A265A,{'subject': 'None cleanup'},355811
16B4E417-3E8B-11E8-A5CB-3FA3753A265A,{'subject': 'None imapd'},356678
53AA6A31-3E91-11E8-A5CB-3FA3753A265A,{'subject': 'None sshd'},357364
AA25CBCE-3E81-11E8-A5CB-3FA3753A265A,{'subject': 'None anvil'},355809
9E3E70FF-3E9C-11E8-A5CB-3FA3753A265A,{'subject': 'None imapd'},358850
72481309-3E8C-11E8-A5CB-3FA3753A265A,{'subject': 'None smtpd'},356844
C0E44281-3E7D-11E8-A5CB-3FA3753A265A,{'subject': 'None sshd'},355277
B11F33EE-3EBB-11E8-A5CB-3FA3753A265A,{'subject': 'None sshd'},362112
DF67DDC4-3EC8-11E8-A5CB-3FA3753A265A,{'subject': 'None imapd'},363604
3570ABD4-3EB4-11E8-A5CB-3FA3753A265A,{'subject': 'None imapd'},361413
50B301DC-3E91-11E8-A5CB-3FA3753A265A,{'subject': 'None imapd'},357350
E8CF1E24-3EA4-11E8-A5CB-3FA3753A265A,{'subject': 'None imapd'},359840
EF451D9B-3E9D-11E8-A5CB-3FA3753A265A,{'subject': 'None imapd'},359006
F6A10024-3E9F-11E8-A5CB-3FA3753A265A,{'subject': 'None smtpd'},359248
B029D441-3E9B-11E8-A5CB-3FA3753A265A,{'subject': 'None local'},358705
2A5A20E4-3E7C-11E8-A5CB-3FA3753A265A,{'subject': 'None trivial-rewrite'},355035
E7F944A0-3E9B-11E8-A5CB-3FA3753A265A,{'subject': 'None imapd'},358760
AF87C9B4-3E9B-11E8-A5CB-3FA3753A265A,{'subject': 'None anvil'},358700
0B02C63E-3E9A-11E8-A5CB-3FA3753A265A,{'subject': 'None sshd'},358477
7C3CBAAC-3EC0-11E8-A5CB-3FA3753A265A,{'subject': 'None sshd'},362593
41EC88CB-3E93-11E8-A5CB-3FA3753A265A,{'subject': 'None local'},357600
640008C9-3E8C-11E8-A5CB-3FA3753A265A,{'subject': 'None imapd'},356835
AAD4D49A-3E81-11E8-A5CB-3FA3753A265A,{'subject': 'None local'},355813
72A940B7-3E8C-11E8-A5CB-3FA3753A265A,{'subject': 'None local'},356849
6B656169-3EA0-11E8-A5CB-3FA3753A265A,{'subject': 'None trivial-rewrite'},359316
F20E7E66-3EA5-11E8-A5CB-3FA3753A265A,{'subject': 'None proxymap'},359998
F68BF674-3E8A-11E8-A5CB-3FA3753A265A,{'subject': 'None imapd'},356647
45E0CF5E-3E91-11E8-A5CB-3FA3753A265A,{'subject': 'None imapd'},357345
0F456FC8-3E9F-11E8-A5CB-3FA3753A265A,{'subject': 'None local'},359152
2F1C861F-3E93-11E8-A5CB-3FA3753A265A,{'subject': 'None imapd'},357594
EE20A88A-3EA3-11E8-A5CB-3FA3753A265A,{'subject': 'None smtpd'},359690
6E315647-3ED5-11E8-A5CB-3FA3753A265A,{'subject': 'None imapd'},364726
C28FBBAD-3EA7-11E8-A5CB-3FA3753A265A,{'subject': 'None sshd'},360170
0F84AE36-3E8B-11E8-A5CB-3FA3753A265A,{'subject': 'None local'},356664
8E58EA37-3E94-11E8-A5CB-3FA3753A265A,{'subject': 'None imapd'},357812
564C5516-3E7E-11E8-A5CB-3FA3753A265A,{'subject': 'None local'},355368
C1497F96-3EA4-11E8-A5CB-3FA3753A265A,{'subject': 'None trivial-rewrite'},359798
360654CB-3EB4-11E8-A5CB-3FA3753A265A,{'subject': 'None trivial-rewrite'},361417
A74353BF-3EA2-11E8-A5CB-3FA3753A265A,{'subject': 'None pickup'},359574
0001A528-3E80-11E8-A5CB-3FA3753A265A,{'subject': 'None test'},355572
F1496331-3E93-11E8-A5CB-3FA3753A265A,{'subject': 'None imapd'},357707
847FED00-3EA6-11E8-A5CB-3FA3753A265A,{'subject': 'None imapd'},360054
BF8EF43F-3E7D-11E8-A5CB-3FA3753A265A,{'subject': 'None sshd'},355276
BF36542C-3EA9-11E8-A5CB-3FA3753A265A,{'subject': 'None anvil'},360367
7495968F-3EAF-11E8-A5CB-3FA3753A265A,{'subject': 'None imapd'},360956
2A9F20FF-3E7C-11E8-A5CB-3FA3753A265A,{'subject': 'None local'},355038
7E3B70B2-3E9F-11E8-A5CB-3FA3753A265A,{'subject': 'None imapd'},359189
9342E2DA-3E9E-11E8-A5CB-3FA3753A265A,{'subject': 'None proxymap'},359084
BB81F0AB-3E91-11E8-A5CB-3FA3753A265A,{'subject': 'None local'},357420
7E35BD24-3EB9-11E8-A5CB-3FA3753A265A,{'subject': 'None imapd'},361917
03C7C1DF-3EAA-11E8-A5CB-3FA3753A265A,{'subject': 'None smtpd'},360415
97681809-3EB9-11E8-A5CB-3FA3753A265A,{'subject': 'None imapd'},361923
02103C8C-3EB1-11E8-A5CB-3FA3753A265A,{'subject': 'None imapd'},361102
2A8AA2C4-3E7C-11E8-A5CB-3FA3753A265A,{'subject': 'None local'},355037
5DEE70FB-3E7D-11E8-A5CB-3FA3753A265A,{'subject': 'None sshd'},355225
919BF075-3E9A-11E8-A5CB-3FA3753A265A,{'subject': 'None local'},358567
794BA05C-3EA5-11E8-A5CB-3FA3753A265A,{'subject': 'None imapd'},359936
311B4B03-3E7E-11E8-A5CB-3FA3753A265A,{'subject': 'None local'},355341
B1952B24-3EA4-11E8-A5CB-3FA3753A265A,{'subject': 'None imapd'},359792
53CFA15F-3E8F-11E8-A5CB-3FA3753A265A,{'subject': 'None imapd'},357154
17C8C6A6-3E7F-11E8-A5CB-3FA3753A265A,{'subject': 'None sshd'},355444
491A8538-3E97-11E8-A5CB-3FA3753A265A,{'subject': 'None cleanup'},358120
E8DD397B-3E83-11E8-A5CB-3FA3753A265A,{'subject': 'None imapd'},356023
BF1CABB5-3EA9-11E8-A5CB-3FA3753A265A,{'subject': 'None proxymap'},360366
2AE0B87C-3E8F-11E8-A5CB-3FA3753A265A,{'subject': 'None sshd'},357128
9400B50B-3EA4-11E8-A5CB-3FA3753A265A,{'subject': 'None imapd'},359764
9E69CB47-3E9C-11E8-A5CB-3FA3753A265A,{'subject': 'None imapd'},358851
BBD6D7FE-3E9C-11E8-A5CB-3FA3753A265A,{'subject': 'None imapd'},358882
885AF819-3E7D-11E8-A5CB-3FA3753A265A,{'subject': 'None sshd'},355248
B2DD5BB3-3EC6-11E8-A5CB-3FA3753A265A,{'subject': 'None imapd'},363177
B287CC32-3E7F-11E8-A5CB-3FA3753A265A,{'subject': 'None sshd'},355503
B0CEF459-3EA4-11E8-A5CB-3FA3753A265A,{'subject': 'None imapd'},359789
D5B25EC5-3EA0-11E8-A5CB-3FA3753A265A,{'subject': 'None local'},359369
E928989E-3E7B-11E8-A5CB-3FA3753A265A,{'subject': 'None local'},354991
912E4DCB-3E9A-11E8-A5CB-3FA3753A265A,{'subject': 'None anvil'},358562
7E32C3D4-3E9F-11E8-A5CB-3FA3753A265A,{'subject': 'None imapd'},359188
3540C3E2-3EA2-11E8-A5CB-3FA3753A265A,{'subject': 'None local'},359510
163A6925-3E7F-11E8-A5CB-3FA3753A265A,{'subject': 'None sshd'},355440
AA0CB107-3E81-11E8-A5CB-3FA3753A265A,{'subject': 'None proxymap'},355808
F29E317A-3EA5-11E8-A5CB-3FA3753A265A,{'subject': 'None local'},360003
6A6B6913-3EB3-11E8-A5CB-3FA3753A265A,{'subject': 'None sshd'},361324
310C0B30-3E7E-11E8-A5CB-3FA3753A265A,{'subject': 'None local'},355340
2F2B6002-3E97-11E8-A5CB-3FA3753A265A,{'subject': 'None imapd'},358104
E124CFB4-3EA5-11E8-A5CB-3FA3753A265A,{'subject': 'None imapd'},359980
9E0A6E4D-3E9B-11E8-A5CB-3FA3753A265A,{'subject': 'None imapd'},358696
2A6B6A9A-3E7C-11E8-A5CB-3FA3753A265A,{'subject': 'None cleanup'},355036
849397EF-3E7F-11E8-A5CB-3FA3753A265A,{'subject': 'None imapd'},355486
58A2632F-3E7D-11E8-A5CB-3FA3753A265A,{'subject': 'None local'},355223
EE9F0EDF-3EA3-11E8-A5CB-3FA3753A265A,{'subject': 'None local'},359697
41DACE79-3E7E-11E8-A5CB-3FA3753A265A,{'subject': 'None imapd'},355355
94DFC5A1-3E94-11E8-A5CB-3FA3753A265A,{'subject': 'None imapd'},357821
B6C0E82A-3E93-11E8-A5CB-3FA3753A265A,{'subject': 'None cleanup'},357654
D5CF7920-3EA0-11E8-A5CB-3FA3753A265A,{'subject': 'None local'},359371
64887505-3E8C-11E8-A5CB-3FA3753A265A,{'subject': 'None imapd'},356840
EC940CC5-3EA4-11E8-A5CB-3FA3753A265A,{'subject': 'None imapd'},359847
E15A11F5-3E7C-11E8-A5CB-3FA3753A265A,{'subject': 'None local'},355138
F67354F5-3E8A-11E8-A5CB-3FA3753A265A,{'subject': 'None imapd'},356646
DF6831B2-3EC8-11E8-A5CB-3FA3753A265A,{'subject': 'None imapd'},363605
AB5AC75B-3E97-11E8-A5CB-3FA3753A265A,{'subject': 'None sshd'},358192
91A9B0BF-3E9A-11E8-A5CB-3FA3753A265A,{'subject': 'None local'},358568
640084A8-3E7F-11E8-A5CB-3FA3753A265A,{'subject': 'None sshd'},355471
B746FB56-3E93-11E8-A5CB-3FA3753A265A,{'subject': 'None local'},357660
EEBBA9FB-3EA3-11E8-A5CB-3FA3753A265A,{'subject': 'None local'},359699
1D722A5C-3E80-11E8-A5CB-3FA3753A265A,{'subject': 'None sshd'},355586
16C52FD4-3E9C-11E8-A5CB-3FA3753A265A,{'subject': 'None local'},358783
F4B5CC00-3ECA-11E8-A5CB-3FA3753A265A,{'subject': 'None imapd'},363783
