CED88597-77E2-11E9-A28B-D4AE52C1DBD3,{'netflow': '128.55.12.51:40039->98.23.182.25:80'},111584
CB34EF81-77E1-11E9-B41B-D4AE52C1DBD3,{'subject': 'None cat'},3535416
80FA071C-77E2-11E9-B41B-D4AE52C1DBD3,{'subject': 'None cat'},3537468
841491BB-77E2-11E9-B41B-D4AE52C1DBD3,{'subject': 'None cat'},3537470
C7D9BFC1-77E1-11E9-B41B-D4AE52C1DBD3,{'subject': 'None cat'},3535405
E15F7631-77E1-11E9-A28B-D4AE52C1DBD3,{'subject': 'None hostname'},3535597
C45124D6-77E1-11E9-B41B-D4AE52C1DBD3,{'subject': 'None hostname'},3535385
836C6FA6-77E2-11E9-B41B-D4AE52C1DBD3,{'subject': 'None hostname'},3537469
00EDA2BB-77E4-11E9-B41B-D4AE52C1DBD3,{'subject': 'None python2.7'},3540673
B2E8669B-77E3-11E9-A28B-D4AE52C1DBD3,{'subject': 'None python2.7'},3539774
B2E89F65-77E3-11E9-A28B-D4AE52C1DBD3,{'subject': 'None python2.7'},3539776
D2902AC8-77E3-11E9-B129-6C2B597E484C,{'subject': 'None python2.7'},3540568
B2E1E9D8-77E3-11E9-A28B-D4AE52C1DBD3,{'subject': 'None python2.7'},3539775
B343CA9F-7042-11E9-A28A-D4AE52C1DBD3,{'subject': 'None python2.7'},219969
D2900134-77E3-11E9-B129-6C2B597E484C,{'subject': 'None python2.7'},3540567
D2E93087-7042-11E9-B129-6C2B597E484C,{'subject': 'None python2.7'},220289
FFD5F1DA-7042-11E9-B41B-D4AE52C1DBD3,{'subject': 'None python2.7'},222724
D28CDCC2-77E3-11E9-B129-6C2B597E484C,{'subject': 'None python2.7'},3540512
00E390C6-77E4-11E9-B41B-D4AE52C1DBD3,{'subject': 'None python2.7'},3540672
00EDEAD6-77E4-11E9-B41B-D4AE52C1DBD3,{'subject': 'None python2.7'},3540674
B388B6DF-7042-11E9-A28B-D4AE52C1DBD3,{'subject': 'None php-fpm'},738327
00C2CE8C-7043-11E9-B41B-D4AE52C1DBD3,{'subject': 'None php-fpm'},238150
7FA89628-77E0-11E9-A28B-D4AE52C1DBD3,{'subject': 'None ls'},3531451
E0516FE1-77E1-11E9-A28B-D4AE52C1DBD3,{'subject': 'None ls'},3535545
74745528-77E2-11E9-B129-6C2B597E484C,{'subject': 'None ls'},3537416
29886D78-77DF-11E9-B129-6C2B597E484C,{'subject': 'None ls'},239215
95B08FE5-77E0-11E9-B41B-D4AE52C1DBD3,{'subject': 'None ls'},3531587
FD7EB51D-77E2-11E9-B41B-D4AE52C1DBD3,{'subject': 'None ls'},3537802
DFC68919-77DE-11E9-B129-6C2B597E484C,{'subject': 'None ls'},238078
5FF4EA4C-77E4-11E9-A28B-D4AE52C1DBD3,{'subject': 'None ls'},3542640
DAEE4E9E-77E3-11E9-B129-6C2B597E484C,{'subject': 'None ls'},3540632
CE54B314-77E1-11E9-B129-6C2B597E484C,{'subject': 'None ls'},3535393
00F4B98D-77DF-11E9-B41B-D4AE52C1DBD3,{'subject': 'None ls'},238178
2072D8A6-77DF-11E9-B129-6C2B597E484C,{'subject': 'None ls'},238451
A2CCDF29-77E3-11E9-A28B-D4AE52C1DBD3,{'subject': 'None ls'},3539721
F04D67B0-77E2-11E9-B41B-D4AE52C1DBD3,{'subject': 'None ls'},3537755
0B4901EB-77DF-11E9-B129-6C2B597E484C,{'subject': 'None ls'},238226
C9FFF853-77E1-11E9-B41B-D4AE52C1DBD3,{'subject': 'None ls'},3535407
AFFDAA2D-77E3-11E9-A28B-D4AE52C1DBD3,{'subject': 'None ls'},3539765
16487D7D-77E3-11E9-B129-6C2B597E484C,{'subject': 'None ls'},3537855
AB6690A3-77E2-11E9-B41B-D4AE52C1DBD3,{'subject': 'None ls'},3537564
C5A18E4F-77E1-11E9-B41B-D4AE52C1DBD3,{'subject': 'None ls'},3535387
54E47EDB-77DF-11E9-B41B-D4AE52C1DBD3,{'subject': 'None ls'},242366
0C53CAB3-77E0-11E9-B41B-D4AE52C1DBD3,{'subject': 'None ls'},3529334
B388B6DF-7042-11E9-A28B-D4AE52C1DBD3,{'subject': 'None php-fpm'},738327
00C2CE8C-7043-11E9-B41B-D4AE52C1DBD3,{'subject': 'None php-fpm'},238150
