CA0A831B-BCF9-4A1D-89A7-0AFAFC1C0D69,{'subject': 'None None'},505598
7E7ED3EB-36C3-48BC-BAA6-F1DEB3919990,{'subject': 'None None'},301107
55EDF92B-D67A-492F-9B1C-C613DF9701B5,{'subject': 'None None'},300744
DDBFFF92-F0B9-446E-B040-500554D02B56,{'subject': 'None None'},300882
9651B83C-DAEF-46AD-8928-F5AF39CA61DC,{'subject': 'None None'},300886
58DD4303-407A-44D2-97E1-05265311A419,{'subject': 'None None'},300411
8D1696CF-1210-4A9D-8372-16B2B5ABDEAF,{'subject': 'None None'},300885
8369E7BB-1CB8-4248-BB56-EEB748F1E10F,"{'subject': 'None \\""C:\\\\Program Files\\\\Mozilla Firefox\\\\firefox.exe\\"" '}",505437
255E412F-EFDC-4A34-AACB-878071C24533,{'subject': 'None None'},300740
8E7BC429-54A1-44B1-A784-A43880730AB3,{'subject': 'None None'},300876
5603EF58-784C-47D7-9925-3A13349B4713,{'subject': 'None None'},300727
D17253F2-6158-4BFB-B597-8749D946113C,{'subject': 'None None'},300894
1192297C-47D0-4A84-B152-B92C6B69D081,{'subject': 'None None'},300814
98EE413B-E764-4B15-BEBC-CD01D7D53422,{'subject': 'None None'},300875
51200002-48DF-4546-8CC9-07A6DF1CB949,{'subject': 'None None'},300179
C0AFD08C-6C4C-4500-8063-828CB548EF5C,{'subject': 'None None'},505878
EE57A842-0163-41B8-A9E6-7EA13F59793A,{'subject': 'None None'},300880
C2B5C45D-591A-4E9C-B24B-DAC53439E06E,{'subject': 'None None'},505744
